Id,Name,Type,Price,Mall,2025-05-06 00:25:33
940400,Western Digital WD Caviar Blue SATA2/7200/16M/리퍼비시,"500GB, WD5000AAKS",39710,2몰,79원/1GB
1529280,Seagate BarraCuda 7200.12 SATA2/7200/16M/리퍼비시,"500GB, ST3500418AS",49880,2몰,100원/1GB
1654489,도시바 MQ01ABD SATA2/5400/8M/노트북용,"1TB, MQ01ABD100",53680,13몰,54원/1GB
1704035,Seagate BarraCuda 7200/64M/리퍼비시,"3TB, ST3000DM001",103550,2몰,35원/1GB
1706996,Western Digital WD Blue 7200/64M,"1TB, WD10EZEX",84980,300몰,85원/1GB
1733058,Western Digital WD RED 5400/64M,"3TB, WD30EFRX",185250,3몰,62원/1GB
1790810,도시바 DT01 7200/64M,"2TB, DT01ACA200",98490,14몰,49원/1GB
1795206,도시바 DT01 7200/64M,"3TB, DT01ACA300",129200,12몰,43원/1GB
1920195,Western Digital WD Caviar Blue 7200/64M/리퍼비시,"1TB, WD10EZEX",50350,13몰,50원/1GB
1943077,HGST Travelstar Z7K500 7200/32M/노트북용,"500GB, HTS725050A7E630",53960,3몰,108원/1GB
2018614,Seagate BarraCuda 7200/64M/비품,"1TB, ST1000DM003",56000,2몰,56원/1GB
2212162,Western Digital WD RED 5400/64M,"4TB, WD40EFRX",215000,6몰,54원/1GB
2227320,Seagate NAS HDD 5900/64M,"3TB, ST3000VN000",327750,3몰,109원/1GB
2227477,Seagate NAS HDD 64M/해외구매,"ST2000VN000, 2TB",250500,2몰,125원/1GB
2307177,Western Digital WD BLACK 7200/64M,"1TB, WD1003FZEX",113050,15몰,113원/1GB
2307187,Western Digital WD BLACK 7200/64M,"2TB, WD2003FZEX",215000,16몰,108원/1GB
2324371,HGST Deskstar 7K1000.C SATA2/7200/16M/리퍼비시,"500GB, HDS721050CLA362",46000,1몰,92원/1GB
2570473,도시바 MQ01ABF SATA2/5400/8M/노트북용,"500GB, MQ01ABF050",37810,7몰,76원/1GB
2664020,도시바 MQ01ABF 5400/8M/노트북용,"500GB, MQ01ABF050",60000,67몰,120원/1GB
2703454,Seagate Momentus 5400.3 EIDE/5400/8M/노트북용/해외구매,"ST9160821A, 160GB",136360,2몰,852원/1GB
2703466,Western Digital WD Caviar Blue 7200/64M/해외구매,"1TB, WD10EZEX",64030,8몰,64원/1GB
2708937,Seagate Constellation ES.3 7200/128M/해외구매,"4TB, ST4000NM0033",346770,11몰,87원/1GB
2711325,Seagate BarraCuda 7200/64M/해외구매,"1TB, ST1000DM003",55380,2몰,55원/1GB
2718031,Western Digital WD RED Pro 7200/64M,"4TB, WD4001FFSX",265000,2몰,66원/1GB
2804074,Seagate BarraCuda 7200/16M/리퍼비시,"500GB, ST500DM002",60000,1몰,120원/1GB
2823758,Seagate Laptop HDD 5400/32M/노트북용,"2TB, ST2000LM003",198000,1몰,99원/1GB
2849665,Western Digital WD Scorpio Blue SATA3/5400/8M/노트북용/해외구매,"1TB, WD10JPVX",66310,1몰,66원/1GB
2849738,삼성전자 Spinpoint F3 SATA2/7200/16M/리퍼비시,"500GB, HD502HJ",46000,2몰,92원/1GB
2851936,Seagate Momentus SATA2/5400/8M/노트북용/해외구매,"1TB, ST1000LM024",162700,3몰,163원/1GB
2851949,삼성전자 SpinPoint M8 SATA2/5400/8M/노트북용/해외구매,"1TB, HN-M101MBB",74950,1몰,75원/1GB
2897773,도시바 DT01-V 5700/32M,"1TB, DT01ABA100V",79990,5몰,80원/1GB
2897788,도시바 DT01-V 5700/32M,"2TB, DT01ABA200V",105000,4몰,53원/1GB
2897797,도시바 DT01-V 5940/32M,"3TB, DT01ABA300V",134000,12몰,45원/1GB
2897832,도시바 MC04ACA 7200/128M,"2TB, MC04ACA200",218900,2몰,109원/1GB
2897842,도시바 MC04ACA 7200/128M,"4TB, MC04ACA400",174900,2몰,44원/1GB
2903498,Seagate Enterprise Capacity 7200/128M/해외구매,"6TB, ST6000NM0024",284100,17몰,47원/1GB
2924870,Western Digital WD RED Pro 7200/64M/해외구매,"4TB, WD4001FFSX",326990,8몰,82원/1GB
2925525,Western Digital WD Purple 64M/해외구매,"2TB, WD20PURX",66310,2몰,33원/1GB
2925589,Western Digital WD Purple 64M/해외구매,"4TB, WD40PURX",101280,18몰,25원/1GB
2925602,Western Digital WD Purple 64M/해외구매,"6TB, WD60PURX",202720,12몰,34원/1GB
2926256,Seagate Video 5900/64M/해외구매,"1TB, ST1000VM002",79540,22몰,80원/1GB
2934332,Seagate Savvio 10K.6 SAS/10K/64M/해외구매,"600GB, ST600MM0026",120900,15몰,202원/1GB
2935970,Seagate BarraCuda 7200/64M/리퍼비시,"1TB, ST1000DM003",23000,1몰,
2936147,Western Digital WD Caviar Blue 7200/16M/리퍼비시,"500GB, WD5000AAKX",26130,2몰,52원/1GB
2958051,Seagate Surveillance 5900/64M/해외구매,"4TB, ST4000VX000",289000,1몰,72원/1GB
2976546,Western Digital WD Scorpio Blue SATA2/5400/8M/노트북용/해외구매,"320GB, WD3200BPVT",22000,1몰,69원/1GB
2983542,도시바 MG04ACA Enterprise 7200/128M,"2TB, MG04ACA200",179550,71몰,90원/1GB
2983550,도시바 MG04ACA Enterprise 7200/128M,"4TB, MG04ACA400",217550,65몰,54원/1GB
2984007,Seagate Enterprise Capacity SAS/7200/128M/해외구매,"6TB, ST6000NM0034",338040,17몰,56원/1GB
2989260,Seagate Savvio 10K.6 SAS/10K/64M/해외구매,"1.2TB, ST1200MM0017",658610,3몰,549원/1GB
2989408,Western Digital WD Scorpio Blue SATA2/5400/8M/노트북용/해외구매,"250GB, WD2500BPVT",18000,1몰,72원/1GB
2998413,HGST Ultrastar 7K6000 7200/128MB,"5TB, HUS726050ALE614",350000,1몰,70원/1GB
3081033,도시바 DT01 7200/32M/리퍼비시,"500GB, DT01ACA050",45000,1몰,90원/1GB
3106788,HGST Ultrastar 7K4000 7200/64M/해외구매,"2TB, HUS724020ALA640",101400,12몰,51원/1GB
3125334,도시바 DT01 7200/64M/해외구매,"3TB, DT01ACA300",71150,12몰,24원/1GB
3177154,Seagate Savvio 10K.6 SAS/10K/64M/해외구매,"300GB, ST300MM0026",121120,15몰,404원/1GB
3177694,Seagate Savvio 10K.6 SAS/10K/64M/해외구매,"900GB, ST900MM0026",589000,3몰,654원/1GB
3279130,Seagate Savvio SAS/15K/해외구매,"146GB, ST9146853SS",288230,1몰,"1,974원/1GB"
3286546,Seagate Video SATA/5900/64M/해외구매,"4TB, ST4000VM000",96470,10몰,24원/1GB
3301939,도시바 MQ01ABF 5400/8M/노트북용/해외구매,"500GB, MQ01ABF050",49490,32몰,99원/1GB
3310096,Seagate Enterprise Capacity 7200/128M/해외구매,"1TB, ST1000NX0313",114770,2몰,115원/1GB
3314745,Western Digital WD MOBILE BLACK 7200/32M/노트북용/해외구매,"500GB, WD5000LPLX",54700,1몰,109원/1GB
3314895,Seagate Enterprise Capacity SAS/7200/128M/해외구매,"1TB, ST1000NX0333",202740,19몰,203원/1GB
3315977,Western Digital WD WD3200BUCT SATA2/5400/16M/해외구매,320GB,22000,1몰,69원/1GB
3320333,도시바 MG03ACA 7200/64M/해외구매,"3TB, MG03ACA300",156000,1몰,52원/1GB
3323013,Seagate Cheetah 10K.7 SCSI/10K/8M/해외구매,"73GB, ST373207LC",103270,9몰,"1,415원/1GB"
3328405,HGST Deskstar 7K3000 7200/64M/해외구매,"2TB, HDS723020BLA642",147720,7몰,74원/1GB
3335803,Seagate SpinPoint F3 SATA2/7200/16M/해외구매,"ST500DM005, 500GB",200000,1몰,400원/1GB
3337884,삼성전자 SpinPoint SATA2/7200/8M/해외구매,"80GB, HD080HJ",100000,1몰,"1,250원/1GB"
3351961,HGST Travelstar 5K750 SATA2/5400/8M/해외구매,"640GB, HTS547564A9E384",46000,1몰,72원/1GB
3354216,HGST Travelstar 7K1000 7200/32M/해외구매,"1TB, HTS721010A9E630",98000,10몰,98원/1GB
3375717,Western Digital WD MOBILE Blue 5400/8M/노트북용/벌크,"500GB, WD5000LPVX",37810,1몰,76원/1GB
3474055,Western Digital WD Blue 5400/64M,"2TB, WD20EZRZ",98990,17몰,49원/1GB
3491306,도시바 MC04ACA 7200/128M,"6TB, MC04ACA600",317900,2몰,53원/1GB
3491321,도시바 MG04ACA Enterprise 7200/128M,"6TB, MG04ACA600",199000,37몰,33원/1GB
3492869,Western Digital WD Blue 5400/64M,"3TB, WD30EZRZ",142200,7몰,47원/1GB
3531731,Western Digital WD RED Pro 7200/128M,"6TB, WD6001FFWX",384750,2몰,64원/1GB
3566036,HGST Ultrastar 7K6000 7200/128M,"6TB, HUS726060ALE610",289000,1몰,48원/1GB
3572596,Western Digital WD Blue 7200/32M,"500GB, WD5000AZLX",74990,8몰,150원/1GB
3803034,Western Digital WD Blue 5400/64M/해외구매,"3TB, WD30EZRZ",167610,5몰,56원/1GB
3898524,Western Digital WD Purple 5400/128M,"8TB, WD80PUZX",321000,2몰,54원/1GB
3940902,MARSHAL MAL2500SA-T54 5400/8M/노트북용/리퍼비시,500GB,39400,1몰,79원/1GB
3940951,MARSHAL MAL34000SA-T72 7200/64M/리퍼비시,4TB,98800,8몰,25원/1GB
3940974,MARSHAL MAL36000SA-T72 7200/128M/리퍼비시,6TB,148000,2몰,25원/1GB
3951901,Western Digital WD RED 5400/128M,"8TB, WD80EFZX",319000,4몰,40원/1GB
3971860,Western Digital WD RED Pro 7200/128M,"6TB, WD6002FFWX",355000,3몰,59원/1GB
3992343,Western Digital WD Gold 7200/128M/해외구매,"4TB, WD4002FYYZ",172000,1몰,43원/1GB
4097297,MARSHAL MAL32000SA-T72 SATA/64M/리퍼비시,2TB,57300,4몰,29원/1GB
4097312,MARSHAL MAL33000SA-T72 7200/64M/리퍼비시,3TB,103120,2몰,34원/1GB
4097416,MARSHAL MAL21000SA-T54 SATA/5400/8M/노트북용/리퍼비시,1TB,48000,2몰,48원/1GB
4130139,도시바 DT01 7200/64M,"500GB, DT01ACA050",73990,67몰,148원/1GB
4130150,도시바 DT01 7200/64M,"1TB, DT01ACA100",74000,5몰,74원/1GB
4289602,Western Digital WD RED Pro 7200/128M,"4TB, WD4002FFWX",331200,2몰,83원/1GB
4411634,Seagate SkyHawk 7200/256M,"10TB, ST10000VX0004",539000,4몰,54원/1GB
4411794,Seagate IronWolf 7200/256M,"10TB, ST10000VN0004",455000,7몰,46원/1GB
4438821,MARSHAL 500GB MAL2500SA-T72L (SATA/7200/8M/노트북용/리퍼비시),87원/1GB,43700,1몰,
4449847,HGST Ultrastar 7K2 7200/128M,"1TB, HUS722T1TALA604",159000,2몰,159원/1GB
4457477,도시바 DT01-V 5940/64M,"3TB, DT01ABA300V",132000,71몰,44원/1GB
4457504,도시바 DT01-V 5700/64M,"2TB, DT01ABA200V",109890,14몰,55원/1GB
4457510,도시바 DT01-V 5700/64M,"1TB, DT01ABA100V",79990,18몰,80원/1GB
4490034,Seagate BarraCuda 7200/64M,"1TB, ST1000DM010",77237,114몰,77원/1GB
4555508,Seagate SkyHawk 7200/256M,"8TB, ST8000VX0022",375000,5몰,47원/1GB
4555543,Seagate SkyHawk 7200/256M,"6TB, ST6000VX0023",265000,4몰,44원/1GB
4555564,Seagate SkyHawk 5900/64M,"4TB, ST4000VX007",159000,30몰,40원/1GB
4555584,Seagate SkyHawk 5900/64M,"3TB, ST3000VX010",141550,20몰,47원/1GB
4555592,Seagate SkyHawk 5900/64M,"2TB, ST2000VX008",109000,39몰,55원/1GB
4555609,Seagate SkyHawk 5900/64M,"1TB, ST1000VX005",86000,114몰,86원/1GB
4555752,Seagate IronWolf 7200/256M,"8TB, ST8000VN0022",425710,2몰,53원/1GB
4555795,Seagate IronWolf 5900/64M,"4TB, ST4000VN008",174990,59몰,44원/1GB
4555831,Seagate IronWolf 5900/64M,"3TB, ST3000VN007",160550,77몰,54원/1GB
4555849,Seagate IronWolf 5900/64M,"2TB, ST2000VN004",149000,67몰,75원/1GB
4555864,Seagate IronWolf 5900/64M,"1TB, ST1000VN002",109000,62몰,109원/1GB
4556071,Seagate BarraCuda 7200/32M,"500GB, ST500DM009",109560,2몰,219원/1GB
4607449,Seagate BarraCuda 5400/128M/노트북용,"500GB, ST500LM030",58430,173몰,117원/1GB
4607460,Seagate BarraCuda 5400/128M/노트북용,"1TB, ST1000LM048",89000,200몰,89원/1GB
4607468,Seagate BarraCuda 5400/128M/노트북용,"2TB, ST2000LM015",127170,199몰,64원/1GB
4660458,Western Digital WD RED Pro 7200/64M,"2TB, WD2002FFSX",185250,155몰,93원/1GB
4785854,HGST Ultrastar 7K6000 7200/128M,"4TB, HUS726040ALA610",208990,4몰,52원/1GB
4816900,Western Digital WD 320GB Caviar SE WD3200JB (EIDE/7200/8M/리퍼비시),188원/1GB,60000,1몰,
4825210,Western Digital WD MOBILE Blue 5400/16M/노트북용,"500GB, WD5000LPCX",65550,2몰,131원/1GB
4854615,HGST Deskstar NAS 패키지 7200/128M HDN726040ALE614,2x4TB,540000,1몰,68원/1GB
4897498,HGST Deskstar NAS 패키지 7200/128M HDN726040ALE614,4TB,330000,1몰,83원/1GB
4897585,HGST Deskstar NAS 패키지 7200/128M HDN726060ALE614,6TB,354000,2몰,59원/1GB
4937566,도시바 DT01 7200/32M/리퍼비시,"1TB, DT01ACA100",21620,5몰,22원/1GB
4989211,Seagate BarraCuda 7200/64M/병행수입,"1TB, ST1000DM010",74950,4몰,75원/1GB
5127056,Western Digital WD Purple 5400/256M,"10TB, WD100PURZ",539990,9몰,540원/1TB
5173062,Seagate BarraCuda 5400/256M,"4TB, ST4000DM004",132520,380몰,33원/1GB
5198822,Western Digital WD RED 5400/256M,"10TB, WD100EFAX",522500,6몰,52원/1GB
5202018,도시바 MG05 Enterprise 7200/128M,"8TB, MG05ACA800",397100,2몰,50원/1GB
5271955,Western Digital WD Blue 7200/32M/해외구매,"500GB, WD5000AZLX",77330,1몰,155원/1GB
5272967,MARSHAL 8TB MAL38000NS-T72 (SATA3/7200/128M/리퍼비시),31원/1GB,245000,1몰,
5386514,Western Digital WD MOBILE Blue 5400/128M/노트북용,"1TB, WD10SPZX",85590,181몰,86원/1GB
5487404,도시바 X300 7200/128M/해외구매,"6TB, HDWE160",592310,6몰,99원/1GB
5537055,Seagate BarraCuda 7200/64M/해외구매,"2TB, ST2000DM006",70010,15몰,35원/1GB
5563098,Seagate IronWolf 7200/256M,"12TB, ST12000VN0007",499000,5몰,42원/1GB
5637898,Western Digital WD RED 5400/128M/해외구매,"8TB, WD80EFZX",334300,4몰,42원/1GB
5638334,Western Digital WD RED Pro 7200/64M/해외구매,"2TB, WD2002FFSX",146750,12몰,73원/1GB
5638421,Western Digital WD GOLD 7200/256M/해외구매,"10TB, WD101KRYZ",614400,5몰,61원/1GB
5638941,Seagate BarraCuda 5400/256M/해외구매,"4TB, ST4000DM004",109000,52몰,27원/1GB
5638974,Seagate BarraCuda 7200/64M/해외구매,"1TB, ST1000DM010",69900,5몰,70원/1GB
5639004,Seagate BarraCuda 5400/128M/노트북용/해외구매,"1TB, ST1000LM048",97000,11몰,97원/1GB
5639043,Seagate BarraCuda 5400/128M/노트북용/해외구매,"2TB, ST2000LM015",172090,21몰,86원/1GB
5639055,Seagate IronWolf 5900/64M/해외구매,"4TB, ST4000VN008",133400,7몰,33원/1GB
5639062,Seagate IronWolf 7200/256M/해외구매,"8TB, ST8000VN0022",260020,18몰,33원/1GB
5639066,Seagate IronWolf 7200/256M/해외구매,"10TB, ST10000VN0004",211240,17몰,21원/1GB
5639077,Seagate IronWolf 7200/128M/해외구매,"6TB, ST6000VN0041",283100,5몰,47원/1GB
5639081,Seagate IronWolf 5900/64M/해외구매,"1TB, ST1000VN002",153280,7몰,153원/1GB
5639084,Seagate IronWolf 5900/64M/해외구매,"3TB, ST3000VN007",87270,7몰,29원/1GB
5639086,Seagate IronWolf 5900/64M/해외구매,"2TB, ST2000VN004",80960,26몰,40원/1GB
5639088,Seagate BarraCuda Pro 7200/256M/해외구매,"10TB, ST10000DM0004",339150,12몰,34원/1GB
5639099,Seagate Enterprise Performance SAS/10K/128M/해외구매,"1.2TB, ST1200MM0088",94050,5몰,78원/1GB
5639105,Seagate SkyHawk 5900/64M/해외구매,"1TB, ST1000VX005",80000,1몰,80원/1GB
5639106,Seagate SkyHawk 5900/64M/해외구매,"4TB, ST4000VX007",128180,3몰,32원/1GB
5639108,Seagate SkyHawk 7200/256M/해외구매,"6TB, ST6000VX0023",183330,15몰,31원/1GB
5657614,Seagate BarraCuda 5400/256M,"3TB, ST3000DM007",129000,233몰,43원/1GB
5752736,Seagate IronWolf 7200/256M,"6TB, ST6000VN0033",299000,5몰,50원/1GB
5764951,Seagate BarraCuda 5400/256M,"6TB, ST6000DM003",183080,256몰,31원/1GB
5764992,Seagate BarraCuda 5400/256M,"8TB, ST8000DM004",197850,321몰,25원/1GB
5814177,Western Digital WD Purple 5400/64M,"2TB, WD20PURZ",108990,48몰,54원/1GB
5814214,Western Digital WD Purple 5400/64M,"1TB, WD10PURZ",86950,75몰,87원/1GB
5814289,Western Digital WD Purple 5400/64M,"3TB, WD30PURZ",148200,47몰,49원/1GB
5814316,Western Digital WD Purple 5400/64M,"4TB, WD40PURZ",156750,47몰,39원/1GB
5862779,Western Digital WD MOBILE Blue 5400/128M/노트북용,"2TB, WD20SPZX",120640,175몰,60원/1GB
5931378,Western Digital WD BLACK 7200/256M,"4TB, WD4005FZBX",465000,3몰,116원/1GB
5993132,Western Digital WD Purple 5400/128M,"8TB, WD80PURZ",346750,9몰,43원/1GB
5993148,Western Digital WD Purple 5400/64M,"6TB, WD60PURZ",266000,26몰,44원/1GB
6054164,Western Digital WD BLACK 7200/256M,"6TB, WD6003FZBX",415870,8몰,69원/1GB
6108250,Seagate BarraCuda Pro 7200/128M/노트북용,"500GB, ST500LM034",85500,153몰,171원/1GB
6108325,Seagate BarraCuda Pro 7200/128M/노트북용,"1TB, ST1000LM049",113050,165몰,113원/1GB
6180176,Seagate Exos X12 7200/256M/해외구매,"12TB, ST12000NM0007",404000,6몰,34원/1GB
6288798,도시바 P300 7200/64M,"1TB, HDWD110",77000,23몰,77원/1GB
6288809,도시바 P300 7200/64M,"2TB, HDWD120",122550,19몰,61원/1GB
6288821,도시바 P300 7200/64M,"3TB, HDWD130",170050,34몰,57원/1GB
6289206,도시바 P300 7200/64M,"500GB, HDKPC35",87210,11몰,174원/1GB
6295629,도시바 X300 7200/256M,"10TB, HDWR11A",394500,3몰,39원/1GB
6443797,Western Digital Ultrastar DC HC310 7200/256M,"4TB, HUS726T4TALA6L4",208050,166몰,52원/1GB
6443865,Western Digital Ultrastar DC HC320 7200/256M,"8TB, HUS728T8TALE6L4",331550,136몰,41원/1GB
6451870,Seagate BarraCuda 5400/128M/노트북용/해외구매,"5TB, ST5000LM000",370380,19몰,74원/1GB
6452004,Seagate BarraCuda 5400/128M/노트북용,"4TB, ST4000LM024",280000,41몰,70원/1GB
6452131,Seagate BarraCuda 5400/256M/해외구매,"3TB, ST3000DM007",93200,20몰,31원/1GB
6453052,Seagate Exos 7E8 7200/256M/해외구매,"8TB, ST8000NM0055",418700,3몰,52원/1GB
6453319,Seagate Exos 5E8 5400/256M/해외구매,"8TB, ST8000AS0003",613000,3몰,77원/1GB
6453429,Seagate Exos 10E2400 SAS/10K/256M,"1.2TB, ST1200MM0129",218500,47몰,182원/1GB
6456781,Seagate IronWolf Pro 7200/256M,"14TB, ST14000NE0008",559000,77몰,40원/1GB
6521135,Western Digital WD RED Pro 7200/256M,"4TB, WD4003FFBX",265000,73몰,66원/1GB
6526384,Seagate Exos 10E2400 SAS/10K/256M,"2.4TB, ST2400MM0129",670500,41몰,279원/1GB
6526417,Seagate Exos 10E2400 SAS/10K/256M,"1.8TB, ST1800MM0129",425700,41몰,237원/1GB
6526440,Seagate Exos 10E2400 SAS/10K/256M,"600GB, ST600MM0099",242190,45몰,404원/1GB
6527882,Seagate Exos 15E900 SAS/15K/256M,"600GB, ST600MP0136",436050,34몰,727원/1GB
6527903,HGST Ultrastar 7K6 SAS/7200/256M,"4TB, HUS726T4TAL5204",239000,2몰,60원/1GB
6545078,Seagate BarraCuda 7200/256M,"2TB, ST2000DM008",85310,338몰,43원/1GB
6572991,Western Digital WD RED Pro 7200/256M,"6TB, WD6003FFBX",355000,64몰,59원/1GB
6573053,Western Digital WD RED Pro 7200/256M,"8TB, WD8003FFBX",429000,58몰,54원/1GB
6575830,Western Digital WD Purple 7200/256M,"12TB, WD121PURZ",599990,5몰,50원/1TB
6579048,HGST Ultrastar He8 7200/128M/해외구매,"8TB, HUH728080ALE600",752000,1몰,94원/1GB
6655822,Seagate Exos 15E900 SAS/15K/256M,"300GB, ST300MP0106",341040,19몰,"1,137원/1GB"
6655927,Seagate Exos 15E900 SAS/15K/256M,"900GB, ST900MP0146",270940,25몰,301원/1GB
6669121,Sebap Brillante 5400/128M/노트북용/리퍼비시,"320GB, SM320RS",24800,26몰,78원/1GB
6669655,Sebap Brillante 5400/128M/노트북용/리퍼비시,"500GB, SM500RS",28090,45몰,56원/1GB
6669751,Sebap Brillante 5400/128M/노트북용/리퍼비시,"1TB, SM010RS",50370,36몰,50원/1GB
6669793,Sebap Brillante 5400/128M/노트북용/리퍼비시,"2TB, SM022RS",84720,37몰,42원/1GB
6984760,도시바 MG04ACA Enterprise 7200/128M,"1TB, MG04ACA100",149000,88몰,149원/1GB
6985186,도시바 MG06A Enterprise 7200/256M,"8TB, MG06ACA800",359000,21몰,45원/1GB
6985252,도시바 MG06A Enterprise 7200/256M,"10TB, MG06ACA10T",406410,41몰,41원/1GB
6985306,도시바 MG07ACA Enterprise 7200/256M,"12TB, MG07ACA12T",463670,93몰,39원/1GB
6985345,도시바 MG07ACA Enterprise 7200/256M,"14TB, MG07ACA14T",547950,102몰,39원/1GB
7080283,Western Digital Ultrastar DC HC530 7200/512M,"14TB, WUH721414ALE6L4",493050,86몰,35원/1GB
7137016,Sebap Amigos 7200/32M/리퍼비시,"500GB, SM1050RS",23090,58몰,46원/1GB
7137346,Sebap Amigos 7200/64M/리퍼비시,"1TB, SM1100RS",38000,78몰,38원/1GB
7137400,Sebap Amigos 5400/64M/리퍼비시,"2TB, SM1200RS",51300,84몰,26원/1GB
7137433,Sebap Amigos 5400/64M/리퍼비시,"3TB, SM1300RS",76350,57몰,25원/1GB
7137502,Sebap Amigos 5400/64M/리퍼비시,"4TB, SM1400RS",99000,74몰,25원/1GB
7295668,Western Digital Ultrastar DC HA210 7200/128M,"1TB, HUS722T1TALA604",151050,120몰,151원/1GB
7295842,Western Digital Ultrastar DC HA210 7200/128M,"2TB, HUS722T2TALA604",179550,130몰,90원/1GB
7296325,Western Digital Ultrastar DC HC310 SAS/7200/256M,"4TB, HUS726T4TAL5204",229000,106몰,57원/1GB
7296718,Western Digital Ultrastar DC HC510 7200/256M,"8TB, HUH721008ALE600",487000,1몰,61원/1GB
7297210,Western Digital Ultrastar DC HC510 7200/256M,"10TB, HUH721010ALE600",557000,1몰,56원/1GB
7297303,Western Digital Ultrastar DC HC520 7200/256M,"12TB, HUH721212ALE600",445510,129몰,37원/1GB
7297729,Western Digital Ultrastar DC HC520 SAS/7200/256M,"12TB, HUH721212AL5204",467950,93몰,39원/1GB
7298104,Western Digital Ultrastar DC HC310 SAS/7200/256M,"6TB, HUS726T6TAL5204",289000,102몰,48원/1GB
7298146,Western Digital Ultrastar DC HC310 7200/256M,"6TB, HUS726T6TALE6L4",274550,87몰,46원/1GB
7298278,Western Digital Ultrastar DC HC320 SAS/7200/256M,"8TB, HUS728T8TAL5204",350550,114몰,44원/1GB
7305385,MARSHAL MAL310000NS-T72 7200/256M/리퍼비시,10TB,281700,1몰,28원/1GB
7308796,HP 미드라인 SATA3/7200,"1TB, 655710-B21",480000,1몰,480원/1GB
7309063,HP 엔터프라이즈 SAS/10K,"600GB, 781516-B21",479400,3몰,799원/1GB
7309750,HP 미드라인 SATA3/7200/해외구매,"1TB, 655710-B21",210000,1몰,210원/1GB
7309756,HP 엔터프라이즈 SAS/10K/해외구매,"600GB, 781516-B21",320000,1몰,533원/1GB
7368727,HP 엔터프라이즈 SAS/10K,"300GB, 785067-B21",240000,1몰,800원/1GB
7376530,HP 엔터프라이즈 SAS/10K/해외구매,"300GB, 785067-B21",225000,1몰,750원/1GB
7376608,HP 엔터프라이즈 SAS/10K/해외구매,"1.2TB, 781518-B21",400000,1몰,333원/1GB
7533853,Seagate BarraCuda 7200/256M/해외구매,"2TB, ST2000DM008",87540,29몰,44원/1GB
7616842,Western Digital Ultrastar DC HC310 박스 패키지 7200/256M HUS726T4TALA6L4,4TB,189050,98몰,47원/1GB
7616926,Western Digital Ultrastar DC HC310 박스 패키지 7200/256M HUS726T4TALA6L4,2x4TB,376200,92몰,47원/1GB
7616938,Western Digital Ultrastar DC HC310 박스 패키지 7200/256M HUS726T4TALA6L4,4x4TB,758000,95몰,47원/1GB
7617046,Western Digital Ultrastar DC HC310 박스 패키지 7200/256M HUS726T6TALE6L4,6TB,255550,105몰,43원/1GB
7617073,Western Digital Ultrastar DC HC310 박스 패키지 7200/256M HUS726T6TALE6L4,2x6TB,503500,92몰,42원/1GB
7617088,Western Digital Ultrastar DC HC310 박스 패키지 7200/256M HUS726T6TALE6L4,4x6TB,1033120,85몰,43원/1GB
7617112,Western Digital Ultrastar DC HC320 박스 패키지 7200/256M HUS728T8TALE6L4,8TB,312530,97몰,39원/1GB
7617133,Western Digital Ultrastar DC HC320 박스 패키지 7200/256M HUS728T8TALE6L4,2x8TB,620000,89몰,39원/1GB
7617142,Western Digital Ultrastar DC HC320 박스 패키지 7200/256M HUS728T8TALE6L4,4x8TB,1250000,87몰,39원/1GB
7617181,Western Digital Ultrastar DC HC510 박스 패키지 7200/256M HUH721010ALE600,10TB,386000,1몰,39원/1GB
7617211,Western Digital Ultrastar DC HC510 박스 패키지 7200/256M HUH721010ALE600,2x10TB,767000,1몰,38원/1GB
7617220,Western Digital Ultrastar DC HC510 박스 패키지 7200/256M HUH721010ALE600,4x10TB,2150000,1몰,54원/1GB
7617235,Western Digital Ultrastar DC HC520 박스 패키지 7200/256M HUH721212ALE600,12TB,426530,92몰,36원/1GB
7617262,Western Digital Ultrastar DC HC520 박스 패키지 7200/256M HUH721212ALE600,2x12TB,849990,95몰,35원/1GB
7617268,Western Digital Ultrastar DC HC520 박스 패키지 7200/256M HUH721212ALE600,4x12TB,1730000,88몰,36원/1GB
7617292,Western Digital Ultrastar DC HC530 박스 패키지 7200/512M WUH721414ALE6L4,14TB,474050,85몰,34원/1GB
7617322,Western Digital Ultrastar DC HC530 박스 패키지 7200/512M WUH721414ALE6L4,2x14TB,960000,71몰,34원/1GB
7617349,Western Digital Ultrastar DC HC530 박스 패키지 7200/512M WUH721414ALE6L4,4x14TB,1930000,69몰,34원/1GB
7721707,도시바 MQ04 5400/128M/노트북용,"1TB, MQ04ABF100",81330,82몰,81원/1GB
7799083,Seagate BarraCuda 7200/32M/해외구매,"500GB, ST500DM009",71900,15몰,144원/1GB
7975942,Western Digital WD RED 5400/256M,"2TB, WD20EFAX",149150,3몰,75원/1GB
7976029,Western Digital WD RED 5400/256M,"6TB, WD60EFAX",285000,3몰,48원/1GB
8038456,도시바 N300 7200/128M,"4TB, HDWQ140",178660,15몰,45원/1GB
8038489,도시바 N300 7200/128M,"6TB, HDWN160",257900,7몰,43원/1GB
8038507,도시바 N300 7200/256M,"8TB, HDWG180",317230,8몰,40원/1GB
8038525,도시바 N300 7200/256M,"10TB, HDWG11A",417360,105몰,42원/1GB
8038582,도시바 N300 7200/256M,"12TB, HDWG21C",451250,127몰,38원/1GB
8038720,도시바 N300 7200/256M,"14TB, HDWG21E",526900,119몰,38원/1GB
8384409,HP 엔터프라이즈 SAS/10K,"600GB, 872477-B21",312550,10몰,521원/1GB
8385051,HP 미드라인 SAS/7.2K,"1TB, 765464-B21",470000,1몰,470원/1GB
8386143,HP 엔터프라이즈 SAS/10K/해외구매,600GB 872477-B21,224000,1몰,373원/1GB
8386257,HP 미드라인 SAS/7.2K/해외구매,"1TB, 765464-B21",450000,1몰,450원/1GB
9344370,Seagate SkyHawk 5400/64M,"3TB, ST3000VX009",145990,19몰,49원/1GB
9344829,Seagate SkyHawk 5400/256M,"6TB, ST6000VX001",259000,28몰,43원/1GB
9345102,Seagate SkyHawk 7200/256M,"8TB, ST8000VX004",345000,19몰,43원/1GB
9345759,Seagate SkyHawk AI 7200/256M,"8TB, ST8000VE0004",368000,2몰,46원/1GB
9346131,Seagate SkyHawk AI 7200/256M,"10TB, ST10000VE0004",555000,4몰,56원/1GB
9346392,Seagate SkyHawk AI 7200/256M,"10TB, ST10000VE0008",555000,10몰,56원/1GB
9346494,Seagate SkyHawk AI 7200/256M,"12TB, ST12000VE0008",589000,17몰,49원/1GB
9346551,Seagate SkyHawk AI 7200/256M,"14TB, ST14000VE0008",569050,5몰,41원/1GB
9347988,Seagate IronWolf 7200/256M,"8TB, ST8000VN004",330270,207몰,41원/1GB
9348111,Seagate IronWolf 7200/256M,"10TB, ST10000VN0008",428550,65몰,43원/1GB
9348369,Seagate IronWolf 7200/256M,"12TB, ST12000VN0008",474030,252몰,40원/1GB
9348588,Seagate IronWolf 7200/256M,"16TB, ST16000VN001",582750,260몰,36원/1GB
9348885,Seagate IronWolf Pro 7200/256M,"4TB, ST4000NE001",230000,57몰,58원/1GB
9349110,Seagate IronWolf Pro 7200/256M,"6TB, ST6000NE000",364990,53몰,61원/1GB
9349299,Seagate IronWolf Pro 7200/256M,"8TB, ST8000NE001",423570,35몰,53원/1GB
9349524,Seagate IronWolf Pro 7200/256M,"10TB, ST10000NE0008",491990,32몰,49원/1GB
9349875,Seagate IronWolf Pro 7200/256M,"12TB, ST12000NE0008",509000,74몰,42원/1GB
9350160,Seagate IronWolf Pro 7200/256M,"16TB, ST16000NE000",629000,35몰,39원/1GB
9416958,Sebap Amigos 5400/256M/리퍼비시,"6TB, SM1600RS",326000,1몰,54원/1GB
9417024,Sebap Amigos 5400/256M/리퍼비시,"8TB, SM1800RS",212990,23몰,27원/1GB
9417084,Sebap Amigos 5400/256M/리퍼비시,"10TB, SB1000RS",339990,4몰,34원/1GB
9442020,Seagate SkyHawk 5400/256M/해외구매,"6TB, ST6000VX001",237310,13몰,40원/1GB
9692211,Seagate Exos 7E8 SAS/7200/256M/해외구매,"6TB, ST6000NM0095",543470,3몰,91원/1GB
9721140,Seagate BarraCuda 5400/128M/노트북용/해외구매,"4TB, ST4000LM024",233560,8몰,58원/1GB
9721383,Seagate BarraCuda 5400/256M/해외구매,"8TB, ST8000DM004",171590,143몰,21원/1GB
9721404,Seagate BarraCuda 5400/256M/해외구매,"6TB, ST6000DM003",144400,36몰,24원/1GB
9721467,Seagate IronWolf 7200/256M/해외구매,"12TB, ST12000VN0008",225450,46몰,19원/1GB
9721698,Seagate BarraCuda 5400/256M/해외구매,"2TB, ST2000DM005",97770,17몰,49원/1GB
9736236,Seagate Exos X16 7200/256M,"14TB, ST14000NM001G",559000,10몰,40원/1GB
9809001,Seagate Exos 7E2 7200/128M/해외구매,"2TB, ST2000NM0008",80230,28몰,40원/1GB
9896460,Western Digital WD RED Pro 7200/256M,"12TB, WD121KFBX",669000,6몰,56원/1GB
9896496,Western Digital WD RED Pro 7200/512M,"14TB, WD141KFGX",645000,42몰,46원/1GB
9950556,Seagate IronWolf 패키지 5900/64M ST2000VN004,4x2TB,522000,2몰,65원/1GB
9950805,Seagate IronWolf 패키지 7200/256M ST12000VN0007,4x12TB,1702000,2몰,35원/1GB
9950835,Seagate IronWolf Pro 패키지 7200/256M ST8000NE001,4x8TB,1714000,3몰,54원/1GB
9950850,Seagate IronWolf Pro 패키지 7200/256M ST10000NE0008,4x10TB,1917000,2몰,48원/1GB
9950859,Seagate IronWolf Pro 패키지 7200/256M ST12000NE0008,4x12TB,1900000,2몰,40원/1GB
9950868,Seagate Exos X16 패키지 7200/256M ST14000NM001G,4x14TB,2287000,2몰,41원/1GB
10059927,Western Digital Ultrastar DC HC530 SAS/7200/512M,"14TB, WUH721414AL5204",525030,97몰,38원/1GB
10339344,Western Digital Ultrastar DC HC330 7200/256M,"10TB, WUS721010ALE6L4",407550,129몰,41원/1GB
10445247,Western Digital Ultrastar DC HC330 박스 패키지 7200/256M WUS721010ALE6L4,10TB,388550,107몰,39원/1GB
10445292,Western Digital Ultrastar DC HC330 박스 패키지 7200/256M WUS721010ALE6L4,2x10TB,780000,94몰,39원/1GB
10445298,Western Digital Ultrastar DC HC330 박스 패키지 7200/256M WUS721010ALE6L4,4x10TB,1570000,86몰,39원/1GB
10496085,Seagate SkyHawk AI 7200/256M,"16TB, ST16000VE000",689000,10몰,43원/1GB
10508805,Western Digital WD RED 5400/256M,"10TB, WD101EFAX",445000,5몰,45원/1GB
10616712,Western Digital Ultrastar DC HC510 박스 패키지 7200/256M HUH721008ALE600,8TB,422000,1몰,53원/1GB
10780305,Western Digital WD RED 5400/256M,"4TB, WD40EFAX",170520,5몰,43원/1GB
11212449,Western Digital WD Purple 7200/256M,"10TB, WD101PURZ",540000,12몰,54원/1TB
11236512,Western Digital WD Purple 7200/256M,"10TB, WD102PURZ",540000,6몰,54원/1TB
11243493,Western Digital WD Purple 패키지 5400/64M WD10PURZ,4x1TB,305000,2몰,76원/1GB
11243559,Western Digital WD Purple 패키지 5400/64M WD20PURZ,4x2TB,369000,2몰,46원/1GB
11243607,Western Digital WD Purple 패키지 5400/64M WD30PURZ,4x3TB,521000,2몰,43원/1GB
11243718,Western Digital WD Purple 패키지 5400/64M WD40PURZ,4x4TB,581000,2몰,36원/1GB
11243799,Western Digital WD Purple 패키지 5400/64M WD60PURZ,4x6TB,971000,2몰,40원/1GB
11243877,Western Digital WD Purple 패키지 7200/256M WD102PURZ,4x10TB,2041000,2몰,51원/1TB
11244042,Western Digital WD Purple 패키지 7200/256M WD121PURZ,4x12TB,2269000,2몰,47원/1TB
11286315,Western Digital WD Purple 패키지 5400/64M WD10PURZ,2x1TB,152000,2몰,76원/1GB
11286369,Western Digital WD Purple 패키지 5400/64M WD20PURZ,2x2TB,184000,2몰,46원/1GB
11286378,Western Digital WD Purple 패키지 5400/64M WD30PURZ,2x3TB,257000,2몰,43원/1GB
11286420,Western Digital WD Purple 패키지 5400/64M WD40PURZ,2x4TB,286000,2몰,36원/1GB
11286435,Western Digital WD Purple 패키지 5400/64M WD60PURZ,2x6TB,481000,2몰,40원/1GB
11286450,Western Digital WD Purple 패키지 7200/256M WD102PURZ,2x10TB,1020000,2몰,51원/1TB
11286462,Western Digital WD Purple 패키지 7200/256M WD121PURZ,2x12TB,1134000,2몰,47원/1TB
11290323,도시바 N300 패키지 7200/256M HDWG11A,2x10TB,734900,2몰,37원/1GB
11290533,도시바 N300 패키지 7200/256M HDWG21C,2x12TB,877990,9몰,37원/1GB
11290551,도시바 N300 패키지 7200/256M HDWG21E,2x14TB,1047990,8몰,37원/1GB
11291313,도시바 N300 패키지 7200/128M HDWQ140,4x4TB,696000,1몰,44원/1GB
11291349,도시바 N300 패키지 7200/256M HDWG180,4x8TB,1288000,1몰,40원/1GB
11291367,도시바 N300 패키지 7200/256M HDWG11A,4x10TB,1475900,2몰,37원/1GB
11291385,도시바 N300 패키지 7200/256M HDWG21C,4x12TB,1755990,9몰,37원/1GB
11291397,도시바 N300 패키지 7200/256M HDWG21E,4x14TB,2095990,8몰,37원/1GB
11397288,Seagate IronWolf 5400/256M,"6TB, ST6000VN001",276480,54몰,46원/1GB
11452572,Seagate Exos X16 SAS/7200/256M,"14TB, ST14000NM002G",579000,12몰,41원/1GB
11776489,Seagate Exos 7E8 7200/256M,"4TB, ST4000NM002A",229440,17몰,57원/1GB
11776690,Seagate Exos 7E8 7200/256M,"6TB, ST6000NM021A",317500,10몰,53원/1GB
11776717,Seagate Exos 7E8 7200/256M,"8TB, ST8000NM000A",349000,11몰,44원/1GB
11777341,Seagate Exos X16 7200/256M,"10TB, ST10000NM001G",439000,9몰,44원/1GB
11777467,Seagate Exos X16 7200/256M,"12TB, ST12000NM001G",509000,13몰,42원/1GB
11777671,Seagate Exos 7E8 SAS/7200/256M,"4TB, ST4000NM005A",246050,26몰,62원/1GB
11777884,Seagate Exos 7E8 SAS/7200/256M,"6TB, ST6000NM029A",339000,7몰,57원/1GB
11777944,Seagate Exos 7E8 SAS/7200/256M,"8TB, ST8000NM001A",389000,18몰,49원/1GB
11778007,Seagate Exos 7E8 SAS/7200/256M,"2TB, ST2000NM004A",209000,20몰,105원/1GB
11778091,Seagate Exos X16 SAS/7200/256M,"10TB, ST10000NM002G",459000,7몰,46원/1GB
11778139,Seagate Exos X16 SAS/7200/256M,"12TB, ST12000NM002G",529000,9몰,44원/1GB
11829559,Western Digital WD RED 패키지 5400/64M WD40EFRX,4x4TB,748000,1몰,47원/1GB
12008960,도시바 P300 5400/128M,"4TB, HDWD240",124380,191몰,31원/1GB
12008966,도시바 P300 5400/128M,"6TB, HDWD260",189820,160몰,32원/1GB
12068387,Western Digital Ultrastar DC HC550 7200/512M,"16TB, WUH721816ALE6L4",569050,130몰,36원/1GB
12068405,Western Digital Ultrastar DC HC550 7200/512M,"18TB, WUH721818ALE6L4",609000,114몰,34원/1GB
12068483,Western Digital Ultrastar DC HC550 SAS/7200/512M,"16TB, WUH721816AL5204",617000,104몰,39원/1GB
12068492,Western Digital Ultrastar DC HC550 SAS/7200/512M,"18TB, WUH721818AL5204",658990,113몰,37원/1GB
12068573,Western Digital Ultrastar DC HC550 박스 패키지 7200/512M WUH721816ALE6L4,16TB,550050,112몰,34원/1GB
12068615,Western Digital Ultrastar DC HC550 박스 패키지 7200/512M WUH721818ALE6L4,18TB,589000,98몰,33원/1GB
12090554,Western Digital Ultrastar DC HC550 박스 패키지 7200/512M WUH721816ALE6L4,2x16TB,1120000,94몰,35원/1GB
12090569,Western Digital Ultrastar DC HC550 박스 패키지 7200/512M WUH721816ALE6L4,4x16TB,2250000,98몰,35원/1GB
12090584,Western Digital Ultrastar DC HC550 박스 패키지 7200/512M WUH721818ALE6L4,2x18TB,1200000,94몰,33원/1GB
12090602,Western Digital Ultrastar DC HC550 박스 패키지 7200/512M WUH721818ALE6L4,4x18TB,2410000,92몰,33원/1GB
12190124,Seagate IronWolf Pro 7200/256M,"18TB, ST18000NE000",658990,81몰,37원/1GB
12519515,Western Digital Ultrastar DC HC550 박스 패키지 7200/512M WUH721816ALE6L4,6x16TB,3420000,5몰,36원/1GB
12519536,Western Digital Ultrastar DC HC550 박스 패키지 7200/512M WUH721816ALE6L4,8x16TB,4560000,11몰,36원/1GB
12519587,Western Digital Ultrastar DC HC550 박스 패키지 7200/512M WUH721818ALE6L4,8x18TB,4880000,4몰,34원/1GB
12639086,Seagate SkyHawk AI 7200/256M,"18TB, ST18000VE002",615120,30몰,34원/1GB
12685619,Western Digital WD BLACK 7200/256M,"8TB, WD8001FZBX",488670,2몰,61원/1GB
12693878,Western Digital WD RED Plus 5400/64M,"4TB, WD40EFRX",175000,2몰,44원/1GB
12693947,Western Digital WD RED Plus 7200/256M,"10TB, WD101EFAX",445000,4몰,45원/1GB
12700412,Seagate Exos 7E2000 SAS/7200/128M,"2TB, ST2000NX0273",558630,31몰,279원/1GB
12700472,Seagate Exos 7E2000 7200/128M,"2TB, ST2000NX0253",551080,17몰,276원/1GB
12719456,Seagate Exos X18 7200/256M,"18TB, ST18000NM000J",628960,55몰,35원/1GB
12719516,Seagate Exos X18 SAS/7200/256M,"18TB, ST18000NM004J",633830,37몰,35원/1GB
12834410,Western Digital WD BLACK 7200/256M,"10TB, WD101FZBX",556920,2몰,56원/1GB
12834413,Western Digital WD MOBILE BLACK 7200/64M/노트북용,"500GB, WD5000LPSX",74200,22몰,148원/1GB
12834416,Western Digital WD MOBILE BLACK 7200/64M/노트북용,"1TB, WD10SPSX",95900,1몰,96원/1GB
13196594,Seagate IronWolf 7200/256M/해외구매,"16TB, ST16000VN001",306680,37몰,19원/1GB
13199918,Seagate IronWolf 7200/256M/해외구매,"14TB, ST14000VN0008",241130,30몰,17원/1GB
13204517,Western Digital WD Purple 5400/256M,"8TB, WD81PURZ",342000,2몰,43원/1GB
13205063,Western Digital WD Purple 7200/256M/해외구매,"10TB, WD102PURZ",529200,7몰,53원/1GB
13205480,Western Digital WD Purple 7200/256M/해외구매,"12TB, WD121PURZ",630000,3몰,53원/1GB
13210640,Western Digital WD RED 5400/256M/해외구매,"10TB, WD101EFAX",497900,3몰,50원/1GB
13211909,Seagate SkyHawk AI 7200/256M/해외구매,"10TB, ST10000VE0008",411560,3몰,41원/1GB
13211957,Seagate SkyHawk AI 7200/256M/해외구매,"12TB, ST12000VE0008",289400,13몰,24원/1GB
13211987,Seagate SkyHawk AI 7200/256M/해외구매,"18TB, ST18000VE002",657000,2몰,37원/1GB
13212209,Western Digital Ultrastar DC HC320 7200/256M/해외구매,"8TB, HUS728T8TALE6L4",289000,30몰,36원/1GB
13212737,Seagate Exos X12 7200/256M,"12TB, ST12000NM0008",476000,2몰,40원/1GB
13220795,Seagate IronWolf Pro 7200/256M/해외구매,"12TB, ST12000NE0008",220510,13몰,18원/1GB
13220849,Seagate IronWolf Pro 7200/256M/해외구매,"10TB, ST10000NE0008",209240,26몰,21원/1GB
13220960,Seagate IronWolf Pro 7200/256M/해외구매,"8TB, ST8000NE001",332310,2몰,42원/1GB
13222157,Western Digital Ultrastar DC HC330 7200/256M/해외구매,"10TB, WUS721010ALE6L4",529530,8몰,53원/1GB
13222718,Seagate IronWolf 7200/256M/해외구매,"8TB, ST8000VN004",207060,22몰,26원/1GB
13223291,Seagate IronWolf Pro 7200/256M/해외구매,"18TB, ST18000NE000",455900,4몰,25원/1GB
13224968,Seagate SkyHawk AI 7200/256M/해외구매,"14TB, ST14000VE0008",241600,21몰,17원/1GB
13225835,Seagate BarraCuda Pro 7200/256M/해외구매,"8TB, ST8000DM0004",298710,8몰,37원/1GB
13226762,Seagate Exos X16 7200/256M/해외구매,"16TB, ST16000NM001G",300810,36몰,19원/1GB
13226789,Seagate Exos X16 7200/256M/해외구매,"14TB, ST14000NM001G",277130,4몰,20원/1GB
13226837,Seagate Exos X16 7200/256M/해외구매,"10TB, ST10000NM001G",211250,14몰,21원/1GB
13226873,Seagate IronWolf 5400/256M/해외구매,"6TB, ST6000VN001",181890,4몰,30원/1GB
13227035,Western Digital Ultrastar DC HC320 SAS/7200/256M/해외구매,"8TB, HUS728T8TAL5204",284600,4몰,36원/1GB
13227497,Western Digital Ultrastar DC HC520 7200/256M/해외구매,"12TB, HUH721212ALE600",459800,5몰,38원/1GB
13228031,Seagate Exos 10E2400 SAS/10K/256M/해외구매,"1.8TB, ST1800MM0129",571000,3몰,317원/1GB
13228622,Seagate Exos X16 7200/256M/해외구매,"12TB, ST12000NM001G",230380,21몰,19원/1GB
13228649,Seagate Exos X16 SAS/7200/256M/해외구매,"12TB, ST12000NM002G",376300,6몰,31원/1GB
13228889,Seagate Exos X16 SAS/7200/256M/해외구매,"16TB, ST16000NM002G",660500,7몰,41원/1GB
13229438,Seagate IronWolf Pro 7200/256M/해외구매,"4TB, ST4000NE001",120140,7몰,30원/1GB
13229828,Seagate Exos 7E2000 SAS/7200/128M,"1TB, ST1000NX0333",367740,33몰,368원/1GB
13229861,Seagate Exos 7E2000 7200/128M,"1TB, ST1000NX0313",356250,23몰,356원/1GB
13230674,Seagate IronWolf 7200/256M/해외구매,"10TB, ST10000VN0008",208380,18몰,21원/1GB
13230890,Western Digital WD RED Pro 7200/256M,"10TB, WD102KFBX",508250,141몰,51원/1GB
13230980,Seagate IronWolf 패키지 7200/256M ST8000VN004,4x8TB,1393000,14몰,44원/1GB
13233350,HP Proliant SAS/10000/해외구매,300GB 653955-001,46360,3몰,155원/1GB
13426676,Western Digital WD RED Plus 5400/128M/해외구매,"4TB, WD40EFZX",192900,1몰,48원/1GB
13427174,Western Digital WD GOLD 7200/128M 해외구매,"1TB, WD1005FBYZ",84830,17몰,85원/1GB
13475540,MARSHAL MAL38000SA-T72 SATA/256M/리퍼비시,8TB,224000,1몰,28원/1GB
13522751,Western Digital WD Blue 7200/256M,"2TB, WD20EZBX",93980,357몰,47원/1GB
13577765,Western Digital WD RED Plus 5400/128M,"4TB, WD40EFZX",169990,27몰,42원/1GB
13599719,Western Digital WD RED Plus 7200/256M,"8TB, WD80EFBX",354990,17몰,44원/1GB
13600025,Western Digital WD RED 5400/64M 해외구매,"1TB, WD10EFRX",137750,3몰,138원/1GB
13657916,Western Digital WD MOBILE Blue 5400/128M/노트북용/해외구매,"2TB, WD20SPZX",108480,6몰,54원/1GB
13659284,Western Digital WD Blue 5400/256M/해외구매,"4TB, WD40EZAZ",115560,28몰,29원/1GB
13695974,Synology Enterprise 7200/256M/해외구매,"12TB, HAT5300-12T",774260,26몰,65원/1GB
13696037,Synology Enterprise 7200/256M/해외구매,"8TB, HAT5300-8T",866700,1몰,108원/1GB
13737218,Seagate Exos 7E8 7200/256M,"2TB, ST2000NM000A",179000,6몰,90원/1GB
13737254,Seagate Exos 7E8 7200/256M,"1TB, ST1000NM000A",190000,2몰,190원/1GB
13753763,Western Digital WD Purple 5640/128M,"6TB, WD62PURZ",263990,10몰,44원/1GB
13779188,Seagate IronWolf Pro 7200/256M/해외구매,"16TB, ST16000NE000",282260,26몰,18원/1GB
13779485,Seagate IronWolf Pro 7200/256M/해외구매,"14TB, ST14000NE0008",246460,21몰,18원/1GB
13860743,도시바 MG08ACA Enterprise 7200/512M,"16TB, MG08ACA16T",619000,69몰,39원/1GB
13940384,Seagate Exos X18 7200/256M/해외구매,"18TB, ST18000NM000J",464090,38몰,26원/1GB
13951460,Seagate Exos X18 7200/256M,"16TB, ST16000NM000J",598860,57몰,37원/1GB
13951568,Seagate Exos X18 SAS/7200/256M,"16TB, ST16000NM004J",499000,44몰,28원/1GB
14083211,Western Digital Ultrastar DC HC550 7200/512M/해외구매,"16TB, WUH721816ALE6L4",340860,9몰,21원/1GB
14428409,Western Digital WD RED 5640/128M,"6TB, WD60EFZX",253000,1몰,42원/1GB
14725049,Seagate SkyHawk 7200/256M/해외구매,"14TB, ST14000VX0008",300450,6몰,21원/1GB
14725070,Seagate SkyHawk 7200/256M/해외구매,"10TB, ST10000VX0004",207500,21몰,21원/1GB
14725112,Seagate SkyHawk 7200/256M/해외구매,"8TB, ST8000VX004",280350,8몰,35원/1GB
14725808,도시바 N300 7200/256M 해외구매,"10TB, HDWG11A",359660,5몰,36원/1GB
14725925,Western Digital Ultrastar DC HC320 박스 패키지 7200/256M HUS728T8TALE6L4,8x8TB,2560000,5몰,40원/1GB
14725931,Western Digital Ultrastar DC HC320 박스 패키지 7200/256M HUS728T8TALE6L4,6x8TB,1950000,2몰,41원/1GB
14733734,Western Digital WD Blue 7200/256M 해외구매,"2TB, WD20EZBX",96150,30몰,48원/1GB
14785154,Western Digital WD Blue 5400/256M/해외구매,"6TB, WD60EZAZ",167500,20몰,28원/1GB
14785235,Western Digital WD Blue 5400/256M/해외구매,"3TB, WD30EZAZ",131600,3몰,44원/1GB
14785265,Western Digital WD Blue 5400/256M/해외구매,"2TB, WD20EZAZ",148000,9몰,74원/1GB
14785337,Seagate BarraCuda 7200/64M/해외구매,"3TB, ST3000DM008",81790,11몰,27원/1GB
14785727,Seagate IronWolf 7200/256M/해외구매,"6TB, ST6000VN0033",170540,9몰,28원/1GB
14785739,Western Digital WD Purple 5640/128M/해외구매,"6TB, WD62PURZ",240000,1몰,40원/1GB
14785742,Western Digital WD Purple 5400/64M/해외구매,"4TB, WD40PURZ",165200,5몰,41원/1GB
14785748,Western Digital WD Purple 5400/64M/해외구매,"3TB, WD30PURZ",216250,2몰,72원/1GB
14785754,Western Digital WD Purple 5400/64M/해외구매,"2TB, WD20PURZ",66310,15몰,33원/1GB
14785757,Western Digital WD Purple 5400/64M/해외구매,"1TB, WD10PURZ",120390,14몰,120원/1GB
14795516,Western Digital Ultrastar DC HC310 박스 패키지 7200/256M HUS726T6TALE6L4,8x6TB,2080000,9몰,43원/1GB
14795549,Western Digital Ultrastar DC HC310 박스 패키지 7200/256M HUS726T6TALE6L4,6x6TB,1590000,3몰,44원/1GB
14805737,Western Digital Ultrastar DC HC530 박스 패키지 7200/512M WUH721414ALE6L4,8x14TB,3920000,3몰,35원/1GB
14805764,Western Digital Ultrastar DC HC530 박스 패키지 7200/512M WUH721414ALE6L4,6x14TB,3056970,2몰,36원/1GB
14842331,Western Digital Ultrastar DC HC310 박스 패키지 7200/256M HUS726T4TALA6L4,8x4TB,1544000,3몰,48원/1GB
14842334,Western Digital Ultrastar DC HC310 박스 패키지 7200/256M HUS726T4TALA6L4,6x4TB,1001980,2몰,42원/1GB
14852321,Western Digital WD MOBILE Blue 5400/128M/노트북용/해외구매,"1TB, WD10SPZX",105370,15몰,105원/1GB
14852426,Western Digital WD BLACK 7200/256M/해외구매,"10TB, WD101FZBX",550490,7몰,55원/1GB
14852447,Western Digital WD BLACK 7200/256M/해외구매,"8TB, WD8001FZBX",513570,2몰,64원/1GB
14852477,Western Digital WD BLACK 7200/256M/해외구매,"6TB, WD6003FZBX",853610,3몰,142원/1GB
14860733,Western Digital WD BLACK 7200/256M/해외구매,"4TB, WD4005FZBX",248900,7몰,62원/1GB
14927732,Western Digital WD Purple Pro 7200/256M,"8TB, WD8001PURP",405000,17몰,51원/1GB
14962205,Seagate IronWolf Pro 7200/256M/해외구매,"8TB, ST8000NE0004",456290,4몰,57원/1GB
14962247,Seagate IronWolf Pro 7200/256M/해외구매,"6TB, ST6000NE000",159620,12몰,27원/1GB
14962418,도시바 X300 7200/256M/해외구매,"8TB, HDWR180",530480,2몰,66원/1GB
14962541,도시바 P300 5400/128M/해외구매,"4TB, HDWD240",308000,3몰,77원/1GB
14963150,Seagate BarraCuda Pro 7200/128M/노트북용/해외구매,"500GB, ST500LM034",78280,5몰,157원/1GB
14963315,도시바 N300 7200/256M 해외구매,"14TB, HDWG21E",1193300,1몰,85원/1GB
14964032,Western Digital Ultrastar DC HC520 박스 패키지 7200/256M HUH721212ALE600,8x12TB,3520000,12몰,37원/1GB
14964062,Western Digital Ultrastar DC HC520 박스 패키지 7200/256M HUH721212ALE600,6x12TB,2640000,6몰,37원/1GB
14964335,Western Digital WD Purple 7200/256M/해외구매,"10TB, WD101PURZ",469990,2몰,47원/1TB
14979527,Seagate SkyHawk AI 7200/256M,"16TB, ST16000VE002",652250,102몰,41원/1GB
14979767,Seagate SkyHawk AI 7200/256M/해외구매,"16TB, ST16000VE002",362720,7몰,23원/1GB
14995415,Sebap BUSCAR CCTV 5400/64M/리퍼비시,"4TB, SVP1400RS",107080,46몰,27원/1GB
14995499,Sebap BUSCAR CCTV 5400/64M/리퍼비시,"3TB, SVP1300RS",77380,43몰,26원/1GB
14995535,Sebap BUSCAR CCTV 5400/64M/리퍼비시,"2TB, SVP1200RS",57280,45몰,29원/1GB
14995559,Sebap BUSCAR CCTV 5400/64M/리퍼비시,"1TB, SVP1100RS",45880,44몰,46원/1GB
15016688,Western Digital WD RED Plus 7200/256M,"10TB, WD101EFBX",422650,156몰,42원/1GB
15016814,Western Digital WD RED Plus 7200/256M,"12TB, WD120EFBX",439870,161몰,37원/1GB
15016910,Western Digital WD RED Plus 7200/512M,"14TB, WD140EFGX",555000,24몰,40원/1GB
15017687,Western Digital WD RED 5400/256M/해외구매,"8TB, WD80EFAX",371530,2몰,46원/1GB
15017837,Western Digital WD RED 5400/256M/해외구매,"6TB, WD60EFAX",199880,1몰,33원/1GB
15017924,Western Digital WD RED 5400/256M/해외구매,"4TB, WD40EFAX",211280,7몰,53원/1GB
15021236,Western Digital Ultrastar DC HC530 7200/512M/해외구매,"14TB, WUH721414ALE6L4",279780,1몰,20원/1GB
15097169,도시바 N300 7200/512M,"16TB, HDWG31G",600900,128몰,38원/1GB
15116243,Western Digital WD MOBILE Blue 5400/128M/노트북용,"500GB, WD5000LPZX",88970,41몰,178원/1GB
15116249,Western Digital WD MOBILE Blue 5400/128M/노트북용/해외구매,"500GB, WD5000LPZX",62380,16몰,125원/1GB
15129446,Western Digital WD RED Plus 5400/128M,"2TB, WD20EFZX",144990,19몰,72원/1GB
15129452,Western Digital WD RED Plus 5400/128M/해외구매,"2TB, WD20EFZX",83830,7몰,42원/1GB
15131282,Seagate SkyHawk 7200/256M/해외구매,"8TB, ST8000VX0022",355300,9몰,44원/1GB
15136934,Western Digital WD RED Plus 7200/512M/해외구매,"14TB, WD140EFFX",907490,2몰,65원/1GB
15137000,Western Digital WD RED Plus 7200/512M/해외구매,"14TB, WD140EFGX",954000,3몰,68원/1GB
15137519,Western Digital WD RED Plus 5400/64M/해외구매,"3TB, WD30EFRX",215930,4몰,72원/1GB
15137738,Western Digital WD RED Plus 5400/64M/해외구매,"1TB, WD10EFRX",135500,4몰,136원/1GB
15138146,Western Digital WD RED Plus 7200/256M/해외구매,"12TB, WD120EFBX",453430,24몰,38원/1GB
15245387,Western Digital WD RED Plus 7200/256M/해외구매,"10TB, WD101EFBX",283620,27몰,28원/1GB
15245507,Western Digital WD RED Plus 7200/256M/해외구매,"8TB, WD80EFBX",413250,9몰,52원/1GB
15246008,Western Digital WD RED Plus 5640/128M,"6TB, WD60EFZX",284990,16몰,47원/1GB
15246191,Western Digital WD RED Plus 5640/128M/해외구매,"6TB, WD60EFZX",293450,9몰,49원/1GB
15247529,Western Digital WD RED Plus 5400/128M,"3TB, WD30EFZX",167100,7몰,56원/1GB
15248567,Western Digital WD RED Pro 7200/256M/해외구매,"6TB, WD6003FFBX",364900,5몰,61원/1GB
15269000,Western Digital WD RED Pro 7200/256M/해외구매,"4TB, WD4003FFBX",250000,1몰,63원/1GB
15269081,Western Digital WD RED Pro 7200/256M/해외구매,"8TB, WD8003FFBX",434500,4몰,54원/1GB
15269792,Western Digital WD RED Pro 7200/256M/해외구매,"12TB, WD121KFBX",626710,11몰,52원/1GB
15269816,Western Digital WD RED Pro 7200/512M/해외구매,"14TB, WD141KFGX",923600,2몰,66원/1GB
15270644,Western Digital WD Blue 5400/64M/해외구매,"500GB, WD5000AZRZ",60000,1몰,120원/1GB
15271301,Western Digital WD Blue 5400/64M/해외구매,"1TB, WD10EZRZ",90900,1몰,91원/1GB
15467897,Western Digital Ultrastar DC HC550 패키지 7200/512M WUH721818ALE6L4,2x18TB,1537000,4몰,43원/1GB
15467909,Western Digital Ultrastar DC HC550 패키지 7200/512M WUH721818ALE6L4,4x18TB,3075000,4몰,43원/1GB
15467915,Western Digital Ultrastar DC HC550 패키지 7200/512M WUH721818ALE6L4,6x18TB,4613000,4몰,43원/1GB
15467918,Western Digital Ultrastar DC HC550 패키지 7200/512M WUH721818ALE6L4,8x18TB,6151000,4몰,43원/1GB
15467990,Western Digital Ultrastar DC HC550 패키지 7200/512M WUH721816ALE6L4,2x16TB,1198000,8몰,37원/1GB
15467999,Western Digital Ultrastar DC HC550 패키지 7200/512M WUH721816ALE6L4,4x16TB,2396000,8몰,37원/1GB
15468005,Western Digital Ultrastar DC HC550 패키지 7200/512M WUH721816ALE6L4,6x16TB,3594000,8몰,37원/1GB
15468017,Western Digital Ultrastar DC HC550 패키지 7200/512M WUH721816ALE6L4,8x16TB,4792000,8몰,37원/1GB
15528644,Western Digital WD RED Pro 7200/256M/해외구매,"10TB, WD102KFBX",593400,4몰,59원/1GB
15529193,Western Digital Ultrastar DC HC550 SAS/7200/512M/해외구매,"16TB, WUH721816AL5204",620480,1몰,39원/1GB
15537770,Western Digital WD RED Pro 7200/512M/해외구매,"18TB, WD181KFGX",595320,7몰,33원/1GB
15537851,Western Digital WD RED Pro 7200/512M/해외구매,"16TB, WD161KFGX",489250,8몰,31원/1GB
15544226,Western Digital WD GOLD 7200/128M 해외구매,"2TB, WD2005FBYZ",237310,9몰,119원/1GB
15544358,Western Digital WD GOLD 7200/256M/해외구매,"4TB, WD4003FRYZ",345800,4몰,86원/1GB
15544388,Western Digital WD GOLD 7200/256M/해외구매,"6TB, WD6003FRYZ",396430,3몰,66원/1GB
15544403,Western Digital WD GOLD 7200/256M/해외구매,"8TB, WD8004FRYZ",635900,11몰,79원/1GB
15544631,Western Digital WD GOLD 7200/256M/해외구매,"12TB, WD121KRYZ",501000,1몰,42원/1GB
15544676,Western Digital WD GOLD 7200/512M/해외구매,"16TB, WD161KRYZ",644100,23몰,40원/1GB
15544724,Western Digital WD GOLD 7200/512M/해외구매,"18TB, WD181KRYZ",744300,5몰,41원/1GB
15544748,Western Digital WD GOLD 7200/512M/해외구매,"14TB, WD141KRYZ",726800,5몰,52원/1GB
15608255,Synology Enterprise 7200/512M/해외구매,"HAT5300-16T, 16TB",1159545,5몰,72원/1GB
15652292,도시바 MG09ACA Enterprise 7200/512M,"18TB, MG09ACA18T",633990,104몰,35원/1GB
15687542,도시바 X300 Refresh 7200/256M,"8TB, HDWR480",316500,6몰,40원/1TB
15687641,도시바 X300 Refresh 7200/256M,"6TB, HDWR460",218840,100몰,36원/1TB
15687695,도시바 X300 Refresh 7200/256M,"4TB, HDWR440",173040,6몰,43원/1TB
15727088,Western Digital WD Purple Pro 7200/256M/해외구매,"8TB, WD8001PURP",401000,2몰,50원/1GB
15727238,Western Digital WD Purple Pro 7200/256M/해외구매,"10TB, WD101PURP",422750,14몰,42원/1GB
15727391,Western Digital WD Purple Pro 7200/512M/해외구매,"14TB, WD141PURP",626500,9몰,45원/1GB
15727463,Western Digital WD MOBILE BLACK 7200/64M/노트북용/해외구매,"1TB, WD10SPSX",92930,5몰,93원/1GB
15727574,Western Digital WD MOBILE BLACK 7200/64M/노트북용/해외구매,"500GB, WD5000LPSX",54900,8몰,110원/1GB
15755300,도시바 MG07SCA Enterprise SAS/7200/256M/병행수입,"12TB, MG07SCA12T",295470,5몰,25원/1GB
15765761,Western Digital WD Blue 5640/128M,"8TB, WD80EAZZ",195110,153몰,24원/1GB
15965894,Seagate SkyHawk AI 7200/256M,"12TB, ST12000VE001",548760,99몰,46원/1GB
15965906,Seagate SkyHawk AI 7200/256M,"10TB, ST10000VE001",510590,121몰,51원/1GB
15966869,Seagate SkyHawk AI 7200/256M 해외구매,"12TB, ST12000VE001",609000,2몰,51원/1GB
16010507,Seagate IronWolf Pro 7200/256M,"20TB, ST20000NE000",848990,29몰,42원/1GB
16234802,Seagate Exos 7E10 7200/256M,"2TB, ST2000NM000B",183330,70몰,92원/1GB
16407728,Seagate Exos X20 7200/256M,"20TB, ST20000NM007D",748960,40몰,37원/1GB
16505129,Seagate IronWolf 5900/64M,"3TB, ST3000VN006",155480,200몰,52원/1GB
16505882,Seagate IronWolf 7200/256M,"18TB, ST18000VN000",739000,5몰,41원/1GB
16517627,Seagate Exos X20 SAS/7200/256M,"20TB, ST20000NM002D",759000,49몰,38원/1GB
16534316,Western Digital Ultrastar DC HC560 7200/512M,"20TB, WUH722020ALE6L4",709000,114몰,35원/1GB
16553759,Seagate IronWolf 7200/256M,"10TB, ST10000VN000",414570,243몰,41원/1GB
16601195,Seagate IronWolf Pro 7200/256M,"10TB, ST10000NE000",468990,81몰,47원/1GB
16638500,Western Digital Ultrastar DC HC560 박스 패키지 7200/512M WUH722020ALE6L4,20TB,689000,79몰,34원/1GB
16638539,Western Digital Ultrastar DC HC560 박스 패키지 7200/512M WUH722020ALE6L4,2x20TB,1400000,72몰,35원/1GB
16638548,Western Digital Ultrastar DC HC560 박스 패키지 7200/512M WUH722020ALE6L4,4x20TB,2810000,69몰,35원/1GB
16664114,Seagate SkyHawk 5400/256M,"3TB, ST3000VX015",135000,121몰,45원/1GB
16664240,Seagate SkyHawk 5400/256M,"4TB, ST4000VX016",134200,119몰,34원/1GB
16741385,Seagate SkyHawk AI 7200/256M,"20TB, ST20000VE002",741170,110몰,37원/1GB
16880765,Western Digital WD RED Pro 7200/512M,"16TB, WD161KFGX",654800,119몰,41원/1GB
16880870,Western Digital WD RED Pro 7200/512M,"18TB, WD181KFGX",715000,153몰,40원/1GB
16880939,Western Digital WD RED Pro 7200/512M,"20TB, WD201KFGX",815000,154몰,41원/1GB
16881029,Western Digital WD RED Plus 5640/128M,"8TB, WD80EFZZ",355000,24몰,44원/1GB
16930205,Seagate IronWolf 5400/256M,"4TB, ST4000VN006",163860,221몰,41원/1GB
17003267,Western Digital WD Blue 5640/128M/해외구매,"8TB, WD80EAZZ",205000,26몰,26원/1GB
17053457,Seagate IronWolf 패키지 7200/256M ST12000VN0008,4x12TB,1936000,17몰,40원/1GB
17053604,Seagate IronWolf 패키지 7200/256M ST12000VN0008,2x12TB,978000,17몰,41원/1GB
17053781,Seagate IronWolf Pro 패키지 7200/256M ST4000NE001,4x4TB,942000,2몰,59원/1GB
17053793,Seagate IronWolf Pro 패키지 7200/256M ST4000NE001,2x4TB,468000,2몰,59원/1GB
17053949,Seagate IronWolf Pro 패키지 7200/256M ST18000NE000,4x18TB,2637000,2몰,37원/1GB
17053979,Seagate IronWolf Pro 패키지 7200/256M ST18000NE000,2x18TB,1317000,2몰,37원/1GB
17054174,Seagate IronWolf 패키지 7200/256M ST16000VN001,4x16TB,2392000,13몰,37원/1GB
17054213,Seagate IronWolf 패키지 7200/256M ST16000VN001,2x16TB,1183000,16몰,37원/1GB
17054465,Seagate IronWolf Pro 패키지 7200/256M ST16000NE000,4x16TB,2836000,4몰,44원/1GB
17054525,Seagate IronWolf Pro 패키지 7200/256M ST16000NE000,2x16TB,1418000,4몰,44원/1GB
17054633,Seagate IronWolf Pro 패키지 7200/256M ST14000NE0008,4x14TB,2373000,2몰,42원/1GB
17054717,Seagate IronWolf Pro 패키지 7200/256M ST14000NE0008,2x14TB,1185000,2몰,42원/1GB
17059109,Western Digital WD Purple 5400/256M,"6TB, WD63PURZ",261890,30몰,44원/1GB
17059112,Western Digital WD Purple 5640/128M,"8TB, WD84PURZ",322000,72몰,40원/1TB
17253821,도시바 P300 7200/256M,"2TB, HDWD320",87980,173몰,44원/1GB
17298035,Seagate SkyHawk AI 7200/256M,"8TB, ST8000VE001",385480,22몰,48원/1GB
17494301,Seagate Exos 7E10 7200/256M,"8TB, ST8000NM017B",348990,74몰,44원/1GB
17494322,Seagate Exos 7E10 7200/256M,"4TB, ST4000NM024B",238500,58몰,60원/1GB
17494373,Seagate Exos 7E10 7200/256M,"10TB, ST10000NM017B",402000,54몰,40원/1GB
17494853,Seagate Exos 7E10 SAS/7200/256M,"10TB, ST10000NM018B",417570,44몰,42원/1GB
17556995,Western Digital WD Purple Pro 7200/512M,"18TB, WD181PURP",799000,32몰,44원/1GB
17557196,Western Digital WD Purple Pro 7200/256M,"10TB, WD101PURP",499000,44몰,50원/1GB
17565416,도시바 N300 7200/256M,"4TB, HDWG440",170890,123몰,43원/1GB
17565635,도시바 N300 7200/256M,"6TB, HDWG460",257520,110몰,43원/1GB
17593838,Western Digital WD Blue 5400/256M/리퍼비시,"2TB, WD20EZAZ",68000,2몰,34원/1GB
17593949,Western Digital Ultrastar DC HC320 7200/256M/리퍼비시,"8TB, HUS728T8TALE6L4",199500,6몰,25원/1GB
17645129,Western Digital Ultrastar DC HC570 7200/512M,"22TB, WUH722222ALE6L4",789000,134몰,36원/1GB
17645510,Western Digital Ultrastar DC HC570 박스 패키지 7200/512M WUH722222ALE6L4,2x22TB,1560000,86몰,35원/1GB
17645645,Western Digital Ultrastar DC HC570 박스 패키지 7200/512M WUH722222ALE6L4,4x22TB,3130000,88몰,36원/1GB
17646044,Western Digital Ultrastar DC HC570 SAS/7200/512M,"22TB, WUH722222AL5204",818990,78몰,37원/1GB
17668034,Western Digital Ultrastar DC HC570 박스 패키지 7200/512M WUH722222ALE6L4,22TB,769000,95몰,35원/1GB
17726294,Seagate IronWolf Pro 7200/256M,"2TB, ST2000NE001",160000,32몰,80원/1GB
17726555,Seagate IronWolf Pro 패키지 7200/256M ST2000NE001,4x2TB,796000,5몰,398원/1GB
17745989,도시바 N300 7200/256M 해외구매,"4TB, HDWG440",157000,1몰,39원/1GB
17841362,도시바 N300 7200/512M,"18TB, HDWG51J",644900,120몰,36원/1GB
17944349,Seagate IronWolf Pro 패키지 7200/256M ST12000NE0008,2x12TB,987000,2몰,41원/1GB
17944532,Seagate IronWolf Pro 패키지 7200/256M ST20000NE000,2x20TB,1698000,5몰,42원/1GB
17944598,Seagate IronWolf Pro 패키지 7200/256M ST20000NE000,4x20TB,3396000,5몰,42원/1GB
17979194,Seagate Exos 7E10 7200/256M,"6TB, ST6000NM019B",303160,69몰,51원/1GB
18059456,Seagate Exos X18 7200/256M,"12TB, ST12000NM000J",483510,51몰,40원/1GB
18145979,Seagate IronWolf Pro 7200/256M,"2TB, ST2000NT001",170000,217몰,85원/1GB
18145997,Seagate IronWolf Pro 7200/256M,"4TB, ST4000NT001",256670,195몰,64원/1GB
18146030,Seagate IronWolf Pro 7200/256M,"6TB, ST6000NT001",328700,216몰,55원/1GB
18146048,Seagate IronWolf Pro 7200/256M,"8TB, ST8000NT001",403870,207몰,50원/1GB
18206876,Seagate IronWolf Pro 7200/256M,"10TB, ST10000NT001",510600,217몰,51원/1GB
18206927,Seagate IronWolf Pro 7200/256M,"12TB, ST12000NT001",560280,216몰,47원/1GB
18206963,Seagate IronWolf Pro 7200/256M,"14TB, ST14000NT001",558440,102몰,40원/1GB
18207026,Seagate IronWolf Pro 7200/256M,"16TB, ST16000NT001",652280,225몰,41원/1GB
18207074,Seagate IronWolf Pro 7200/256M,"18TB, ST18000NT001",718800,195몰,40원/1GB
18207194,Seagate IronWolf Pro 7200/256M,"20TB, ST20000NT001",781080,223몰,39원/1GB
18295421,Seagate IronWolf Pro 패키지 7200/256M ST20000NE000,5x20TB,4245000,4몰,42원/1GB
18295529,Seagate IronWolf Pro 패키지 7200/256M ST20000NE000,3x20TB,2547000,3몰,42원/1GB
18295538,Seagate IronWolf Pro 패키지 7200/256M ST20000NE000,6x20TB,5094000,5몰,42원/1GB
18295547,Seagate IronWolf Pro 패키지 7200/256M ST20000NE000,8x20TB,6792000,5몰,42원/1GB
18295559,Seagate IronWolf Pro 패키지 7200/256M ST20000NE000,10x20TB,8490000,4몰,42원/1GB
18295562,Seagate IronWolf Pro 패키지 7200/256M ST20000NE000,12x20TB,10188000,3몰,46원/1GB
18295586,Seagate IronWolf Pro 패키지 7200/256M ST20000NE000,16x20TB,13584000,3몰,42원/1GB
18406964,Western Digital WD BLACK 7200/128M,"8TB, WD8002FZWX",429000,4몰,54원/1GB
18437876,Seagate Exos X18 SAS/7200/256M,"14TB, ST14000NM004J",569000,38몰,41원/1GB
18438002,Seagate Exos X18 SAS/7200/256M,"12TB, ST12000NM004J",493050,41몰,41원/1GB
18449030,Seagate IronWolf Pro 패키지 7200/256M ST20000NT001,1x20TB,796000,2몰,40원/1GB
18449081,Seagate IronWolf Pro 패키지 7200/256M ST20000NT001,2x20TB,1698000,7몰,85원/1GB
18449120,Seagate IronWolf Pro 패키지 7200/256M ST20000NT001,4x20TB,3396000,7몰,42원/1GB
18449276,Seagate IronWolf Pro 패키지 7200/256M ST18000NT001,1x18TB,696000,2몰,39원/1GB
18449318,Seagate IronWolf Pro 패키지 7200/256M ST18000NT001,2x18TB,1498000,7몰,42원/1GB
18449363,Seagate IronWolf Pro 패키지 7200/256M ST18000NT001,4x18TB,2996000,7몰,42원/1GB
18449429,Seagate IronWolf Pro 패키지 7200/256M ST16000NT001,2x16TB,1418000,8몰,44원/1GB
18449444,Seagate IronWolf Pro 패키지 7200/256M ST16000NT001,4x16TB,2836000,8몰,44원/1GB
18449624,Seagate IronWolf Pro 패키지 7200/256M ST14000NT001,1x14TB,622000,2몰,44원/1GB
18449657,Seagate IronWolf Pro 패키지 7200/256M ST14000NT001,2x14TB,1185000,2몰,42원/1GB
18449681,Seagate IronWolf Pro 패키지 7200/256M ST14000NT001,4x14TB,2373000,2몰,42원/1GB
18449732,Seagate IronWolf Pro 패키지 7200/256M ST12000NT001,1x12TB,562000,2몰,47원/1GB
18449777,Seagate IronWolf Pro 패키지 7200/256M ST12000NT001,2x12TB,1218000,10몰,51원/1GB
18449792,Seagate IronWolf Pro 패키지 7200/256M ST12000NT001,4x12TB,2436000,10몰,51원/1GB
18449891,Seagate IronWolf Pro 패키지 7200/256M ST10000NT001,1x10TB,554890,13몰,55원/1GB
18449912,Seagate IronWolf Pro 패키지 7200/256M ST10000NT001,2x10TB,1110000,10몰,56원/1GB
18449930,Seagate IronWolf Pro 패키지 7200/256M ST10000NT001,4x10TB,2220000,9몰,56원/1GB
18450128,Seagate IronWolf Pro 패키지 7200/256M ST8000NT001,2x8TB,878000,10몰,55원/1GB
18450152,Seagate IronWolf Pro 패키지 7200/256M ST8000NT001,4x8TB,1756000,10몰,55원/1GB
18450317,Seagate IronWolf Pro 패키지 7200/256M ST6000NT001,1x6TB,336000,2몰,56원/1GB
18450329,Seagate IronWolf Pro 패키지 7200/256M ST6000NT001,2x6TB,758000,10몰,63원/1GB
18450362,Seagate IronWolf Pro 패키지 7200/256M ST6000NT001,4x6TB,1516000,10몰,63원/1GB
18450449,Seagate IronWolf Pro 패키지 7200/256M ST4000NT001,1x4TB,243000,2몰,61원/1GB
18450467,Seagate IronWolf Pro 패키지 7200/256M ST4000NT001,2x4TB,537000,17몰,67원/1GB
18450506,Seagate IronWolf Pro 패키지 7200/256M ST4000NT001,4x4TB,1073000,17몰,67원/1GB
18450587,Seagate IronWolf Pro 패키지 7200/256M ST2000NT001,2x2TB,398000,7몰,100원/1GB
18450623,Seagate IronWolf Pro 패키지 7200/256M ST2000NT001,4x2TB,796000,8몰,100원/1GB
18477173,Seagate SkyHawk 5400/256M,"6TB, ST6000VX009",240000,106몰,40원/1GB
18477242,Seagate SkyHawk 5400/256M,"8TB, ST8000VX010",355500,85몰,44원/1GB
18477623,Seagate SkyHawk 5400/256M,"2TB, ST2000VX017",105910,90몰,53원/1GB
18477653,Seagate SkyHawk 5400/256M,"1TB, ST1000VX013",95000,30몰,95원/1GB
18486122,Seagate IronWolf 5400/256M,"8TB, ST8000VN002",326520,162몰,41원/1GB
18486368,Seagate IronWolf 5400/256M,"6TB, ST6000VN006",283650,207몰,47원/1GB
18486584,Seagate IronWolf 5400/256M,"2TB, ST2000VN003",151020,211몰,76원/1GB
18486623,Seagate IronWolf 5400/256M,"1TB, ST1000VN008",121900,170몰,122원/1GB
18532622,Western Digital Ultrastar DC HC560 SAS/7200/512M,"20TB, WUH722020BL5204",758990,46몰,38원/1GB
18541712,Western Digital WD Purple 5400/256M,"4TB, WD42PURZ",156750,37몰,39원/1GB
18541871,Western Digital WD Purple 5400/256M/해외구매,"4TB, WD42PURZ",205020,5몰,51원/1GB
18542177,Western Digital WD BLACK 7200/128M/해외구매,"8TB, WD8002FZWX",411730,3몰,51원/1GB
18637436,도시바 N300 7200/256M,"8TB, HDWG480",335000,99몰,42원/1GB
18638732,Seagate SkyHawk 5400/256M/해외구매,"4TB, ST4000VX013",115950,4몰,29원/1GB
18678632,Seagate Exos 7E10 SAS/7200/256M,"2TB, ST2000NM018B",198550,55몰,99원/1GB
18679376,Seagate Exos 7E10 SAS/7200/256M,"4TB, ST4000NM025B",258960,34몰,65원/1GB
18680411,Seagate Exos 7E10 SAS/7200/256M,"8TB, ST8000NM018B",350550,52몰,44원/1GB
18680582,Seagate Exos 7E10 SAS/7200/256M,"6TB, ST6000NM020B",312550,52몰,52원/1GB
18680978,Seagate Exos X18 7200/256M,"14TB, ST14000NM000J",531010,57몰,38원/1GB
18704063,Western Digital WD Ultrastar DC HC550 7200/512M/리퍼비시,"18TB, WUH721818ALE6L4",529000,1몰,29원/1GB
18734891,Seagate IronWolf 패키지 5900/64M ST4000VN008,2x4TB,311000,2몰,39원/1GB
18734894,Seagate IronWolf 패키지 5900/64M ST4000VN008,4x4TB,625000,2몰,39원/1GB
18737864,Seagate Exos X18 7200/256M/해외구매,"12TB, ST12000NM000J",315460,14몰,26원/1GB
18739145,Seagate IronWolf Pro 7200/256M/해외구매,"20TB, ST20000NE000",848990,6몰,42원/1GB
18772316,Seagate BarraCuda 7200/64M/병행수입,"2TB, ST2000DM001",90910,4몰,45원/1GB
18796049,Seagate IronWolf Pro 패키지 7200/256M ST4000NT001,3x4TB,837000,5몰,70원/1GB
18859622,Seagate Exos X10 7200/256M/해외구매,"10TB, ST10000NM0086",312400,13몰,31원/1GB
19012232,Seagate IronWolf 5400/256M/해외구매,"4TB, ST4000VN006",140280,24몰,35원/1GB
19321856,Western Digital Ultrastar DC HC570 7200/512M/해외구매,"22TB, WUH722222ALE6L4",757210,49몰,34원/1GB
19618481,Western Digital WD RED Plus 5400/256M,"6TB, WD60EFPX",265870,165몰,44원/1GB
19618580,Western Digital WD RED Plus 5400/256M/해외구매,"6TB, WD60EFPX",199680,9몰,33원/1GB
19629158,Seagate Exos X20 7200/256M/해외구매,"20TB, ST20000NM007D",744000,2몰,37원/1GB
19667138,Seagate IronWolf Pro 패키지 7200/256M ST4000NT001,5x4TB,1395000,16몰,70원/1GB
19790105,Seagate IronWolf Pro 7200/512M,"22TB, ST22000NT001",864990,206몰,43원/1GB
19830551,Seagate IronWolf Pro 7200/256M/해외구매,"20TB, ST20000NT001",1215400,3몰,61원/1GB
19834277,Seagate Exos X22 7200/512M,"22TB, ST22000NM001E",804350,47몰,37원/1GB
19834310,Seagate Exos X22 SAS/7200/512M,"22TB, ST22000NM000E",808460,30몰,37원/1GB
19879883,Western Digital WD Purple 5400/256M/해외구매,"6TB, WD63PURZ",216630,4몰,36원/1GB
19913432,Western Digital Ultrastar DC HA210 패키지 7200/128M HUS722T1TALA604,2x1TB,275000,1몰,138원/1GB
19913597,Western Digital Ultrastar DC HA210 패키지 7200/128M HUS722T1TALA604,4x1TB,636000,5몰,159원/1GB
19913945,Western Digital Ultrastar DC HA210 패키지 7200/128M HUS722T2TALA604,2x2TB,355000,2몰,89원/1GB
19913969,Western Digital Ultrastar DC HA210 패키지 7200/128M HUS722T2TALA604,4x2TB,756000,5몰,95원/1GB
19924859,Western Digital Ultrastar DC HC310 패키지 7200/256M HUS726T4TALA6L4,2x4TB,395900,18몰,49원/1GB
19924961,Western Digital Ultrastar DC HC310 패키지 7200/256M HUS726T4TALA6L4,4x4TB,956000,4몰,60원/1GB
19925291,Western Digital Ultrastar DC HC310 패키지 7200/256M HUS726T6TALE6L4,2x6TB,529900,23몰,44원/1GB
19925315,Western Digital Ultrastar DC HC310 패키지 7200/256M HUS726T6TALE6L4,4x6TB,1156000,8몰,48원/1GB
19925570,Western Digital Ultrastar DC HC310 패키지 SAS/7200/256M HUS726T4TAL5204,2x4TB,484000,1몰,61원/1GB
19925579,Western Digital Ultrastar DC HC310 패키지 SAS/7200/256M HUS726T4TAL5204,4x4TB,868000,2몰,54원/1GB
19926128,Western Digital Ultrastar DC HC310 패키지 SAS/7200/256M HUS726T6TAL5204,4x6TB,1183970,3몰,49원/1GB
19937471,Western Digital Ultrastar DC HC320 패키지 7200/256M HUS728T8TALE6L4,2x8TB,698000,4몰,44원/1GB
19937492,Western Digital Ultrastar DC HC320 패키지 7200/256M HUS728T8TALE6L4,4x8TB,1396000,3몰,44원/1GB
19937729,Western Digital Ultrastar DC HC320 패키지 SAS/7200/256M HUS728T8TAL5204,4x8TB,1476000,2몰,46원/1GB
19939415,Western Digital Ultrastar DC HC330 패키지 7200/256M WUS721010ALE6L4,2x10TB,858000,6몰,43원/1GB
19939421,Western Digital Ultrastar DC HC330 패키지 7200/256M WUS721010ALE6L4,4x10TB,1716000,6몰,43원/1GB
19939520,Western Digital Ultrastar DC HC520 패키지 7200/256M HUH721212ALE600,2x12TB,938000,5몰,39원/1GB
19939535,Western Digital Ultrastar DC HC520 패키지 7200/256M HUH721212ALE600,4x12TB,1876000,5몰,39원/1GB
19942148,Western Digital Ultrastar DC HC520 패키지 SAS/7200/256M HUH721212AL5204,4x12TB,1956000,2몰,41원/1GB
19943168,Western Digital Ultrastar DC HC530 패키지 7200/512M WUH721414ALE6L4,2x14TB,1074000,4몰,38원/1GB
19943180,Western Digital Ultrastar DC HC530 패키지 7200/512M WUH721414ALE6L4,4x14TB,2232860,3몰,40원/1GB
19943450,Western Digital Ultrastar DC HC550 패키지 SAS/7200/512M WUH721816AL5204,4x16TB,2476000,3몰,39원/1GB
19945049,Western Digital Ultrastar DC HC550 패키지 SAS/7200/512M WUH721818AL5204,2x18TB,1337970,2몰,37원/1GB
19945115,Western Digital Ultrastar DC HC550 패키지 SAS/7200/512M WUH721818AL5204,4x18TB,2636000,4몰,37원/1GB
19948007,Western Digital Ultrastar DC HC560 패키지 7200/512M WUH722020ALE6L4,2x20TB,1263000,3몰,32원/1GB
19948016,Western Digital Ultrastar DC HC560 패키지 7200/512M WUH722020ALE6L4,4x20TB,2792000,3몰,35원/1GB
19948058,Western Digital Ultrastar DC HC560 패키지 SAS/7200/512M WUH722020BL5204,2x20TB,1426000,3몰,36원/1GB
19948064,Western Digital Ultrastar DC HC560 패키지 SAS/7200/512M WUH722020BL5204,4x20TB,3110000,3몰,39원/1GB
19948346,Western Digital WD Blue 5400/256M/해외구매,"4TB, WD40EZAX",125040,16몰,31원/1GB
19948424,Western Digital WD Blue 5400/256M/해외구매,"6TB, WD60EZAX",166600,26몰,28원/1GB
19948454,Western Digital WD Blue 5400/256M/해외구매,"3TB, WD30EZAX",187200,4몰,62원/1GB
19948601,Seagate IronWolf Pro 7200/512M/해외구매,"22TB, ST22000NT001",927700,6몰,46원/1GB
19952792,Western Digital Ultrastar DC HC570 패키지 7200/512M WUH722222ALE6L4,2x22TB,1638000,8몰,37원/1GB
19952798,Western Digital Ultrastar DC HC570 패키지 7200/512M WUH722222ALE6L4,4x22TB,3276000,8몰,37원/1GB
19952816,Western Digital Ultrastar DC HC570 패키지 SAS/7200/512M WUH722222AL5204,2x22TB,1714970,3몰,39원/1GB
19952828,Western Digital Ultrastar DC HC570 패키지 SAS/7200/512M WUH722222AL5204,4x22TB,3432970,3몰,39원/1GB
19963682,Seagate IronWolf Pro 7200/256M/해외구매,"16TB, ST16000NT001",578390,6몰,36원/1GB
19965044,Western Digital WD Blue 5400/256M,"4TB, WD40EZAX",137940,244몰,34원/1GB
20020865,Seagate Exos X22 7200/512M/해외구매,"22TB, ST22000NM001E",801850,2몰,36원/1GB
20033990,Western Digital WD Blue 5400/256M,"6TB, WD60EZAX",186170,154몰,31원/1GB
20036969,Western Digital WD RED Pro 7200/512M/해외구매,"20TB, WD201KFGX",844600,3몰,42원/1GB
20055920,Western Digital WD Purple 5400/64M,"1TB, WD11PURZ",91200,62몰,91원/1GB
20056088,Western Digital WD Purple 5400/256M,"2TB, WD22PURZ",105890,35몰,53원/1GB
20056172,Western Digital WD Purple 5400/64M,"2TB, WD23PURZ",110200,83몰,55원/1GB
20056277,Western Digital WD Purple 5400/256M,"3TB, WD33PURZ",148200,76몰,49원/1GB
20056325,Western Digital WD Purple 5400/256M,"4TB, WD43PURZ",156700,85몰,39원/1GB
20056361,Western Digital WD Purple 5400/256M,"6TB, WD64PURZ",280000,67몰,47원/1GB
20098586,Seagate Exos X12 7200/256M/해외구매,"12TB, ST12000NM0008",453940,9몰,38원/1GB
20163935,Western Digital WD RED Plus 5640/128M/해외구매,"8TB, WD80EFZZ",304800,6몰,38원/1GB
20188826,도시바 X300 Refresh 7200/256M/해외구매,"8TB, HDWR480",298390,18몰,37원/1TB
20191796,Seagate IronWolf Pro 7200/256M/해외구매,"18TB, ST18000NT001",636100,4몰,35원/1GB
20191877,Seagate IronWolf Pro 7200/256M/해외구매,"12TB, ST12000NE0007",230580,19몰,19원/1GB
20191886,Seagate IronWolf Pro 7200/256M/해외구매,"12TB, ST12000NT001",433900,3몰,36원/1GB
20204474,ablelead ASIO 5900/64M,"1TB, AK1000HSURA",56000,1몰,56원/1GB
20204831,ablelead ASIO 5900/64M,"2TB, AK2000HSURA",72000,3몰,36원/1GB
20204906,ablelead ASIO 5900/64M,"3TB, AK3000HSURA",96000,1몰,32원/1GB
20204957,ablelead ASIO 5900/64M,"4TB, AK4000HSURA",125000,1몰,31원/1GB
20276816,Western Digital Ultrastar DC HC550 7200/512M/해외구매,"18TB, WUH721818ALE6L4",483380,16몰,27원/1GB
20308463,Western Digital Ultrastar DC HC560 패키지 7200/512M WUH722020ALE6L4,8x20TB,5593000,3몰,35원/1GB
20308685,Western Digital Ultrastar DC HC560 패키지 7200/512M WUH722020ALE6L4,6x20TB,4492000,3몰,37원/1GB
20308709,Western Digital Ultrastar DC HC530 패키지 7200/512M WUH721414ALE6L4,8x14TB,4152000,7몰,37원/1GB
20308712,Western Digital Ultrastar DC HC530 패키지 7200/512M WUH721414ALE6L4,6x14TB,3350860,3몰,40원/1GB
20318135,Western Digital Ultrastar DC HC520 패키지 7200/256M HUH721212ALE600,8x12TB,3752000,5몰,39원/1GB
20318171,Western Digital Ultrastar DC HC520 패키지 7200/256M HUH721212ALE600,6x12TB,2814000,5몰,39원/1GB
20441291,Synology Plus Series 5400/256M,"4TB, HAT3300-4T",185250,112몰,46원/1GB
20441432,Synology Plus Series 5400/256M,"6TB, HAT3300-6T",278350,108몰,46원/1GB
20441486,Synology Plus Series 5400/256M,"8TB, HAT3300-8T",377000,69몰,47원/1GB
20441531,Synology Plus Series 7200/256M,"12TB, HAT3300-12T",501600,59몰,42원/1GB
20480654,Seagate IronWolf 패키지 7200/256M ST12000VN0008,3x12TB,1515000,5몰,42원/1GB
20480705,Seagate IronWolf 패키지 7200/256M ST12000VN0008,5x12TB,2525000,5몰,42원/1GB
20480732,Seagate IronWolf 패키지 7200/256M ST12000VN0008,6x12TB,3030000,5몰,42원/1GB
20480753,Seagate IronWolf 패키지 7200/256M ST12000VN0008,8x12TB,4040000,5몰,42원/1GB
20480771,Seagate IronWolf 패키지 7200/256M ST12000VN0008,10x12TB,5050000,5몰,42원/1GB
20480792,Seagate IronWolf 패키지 7200/256M ST12000VN0008,12x12TB,6060000,5몰,42원/1GB
20540660,Seagate SkyHawk AI 7200/256M/해외구매,"10TB, ST10000VE001",399570,3몰,40원/1GB
20540768,Seagate SkyHawk 5400/256M/해외구매,"4TB, ST4000VX016",204920,14몰,51원/1GB
20540903,Western Digital Ultrastar DC HC560 7200/512M/해외구매,"20TB, WUH722020ALE6L4",741290,11몰,37원/1GB
20674841,Sebap BUSCAR CCTV 5400/64M/리퍼비시,"5TB, SVP1500RS",116080,38몰,23원/1GB
20674850,Sebap BUSCAR CCTV 5400/64M/리퍼비시,"6TB, SVP1600RS",127990,17몰,21원/1GB
20674856,Sebap BUSCAR CCTV 5400/128M/리퍼비시,"8TB, SVP1800RS",211990,17몰,26원/1GB
20704208,MARSHAL FFF 7200/256M/리퍼비시,"14TB, MAL314000SA",352000,2몰,25원/1GB
20704214,MARSHAL FFF 7200/256M/리퍼비시,"12TB, MAL312000SA",327000,4몰,27원/1GB
21496127,Seagate IronWolf 5400/256M/해외구매,"1TB, ST1000VN008",132000,1몰,132원/1GB
21588758,Western Digital WD RED Pro 7200/512M,"22TB, WD221KFGX",885000,132몰,40원/1GB
21589067,Western Digital WD RED Pro 7200/512M/해외구매,"22TB, WD221KFGX",636770,23몰,29원/1GB
25936832,Western Digital WD Blue 5400/256M,"3TB, WD30EZAX",135850,136몰,45원/1GB
27638195,HGST Ultrastar 7K6000 7200/128M/리퍼비시,"4TB, HUS726040ALE610",95000,18몰,24원/1GB
27693929,Seagate IronWolf Pro 7200/512M 패키지 ST22000NT001,1x22TB,853000,2몰,39원/1GB
27734816,Seagate IronWolf Pro 7200/512M 패키지 ST22000NT001,2x22TB,1830000,9몰,42원/1GB
27735518,Seagate IronWolf Pro 7200/512M 패키지 ST22000NT001,4x22TB,3660000,9몰,42원/1GB
27919571,Seagate Exos 7E8 7200/256M,"2TB, ST2000NM001A",199000,1몰,100원/1GB
27921536,Seagate Exos 7E10 SAS/7200/256M,"2TB, ST2000NM001B",219000,1몰,110원/1GB
27922619,Seagate Exos 7E10 SAS/7200/256M,"6TB, ST6000NM001B",339000,1몰,57원/1GB
27923015,Seagate Exos 7E10 7200/256M,"4TB, ST4000NM000B",260000,2몰,65원/1GB
27923099,Seagate Exos 7E10 7200/256M,"6TB, ST6000NM000B",319000,1몰,53원/1GB
27923276,Seagate Exos 7E10 7200/256M,"2TB, ST2000NM017B",199000,1몰,100원/1GB
27952289,Western Digital WD Purple Pro 7200/512M,"14TB, WD141PURP",589000,37몰,42원/1GB
28021712,Western Digital WD RED Plus 5400/64M,"2TB, WD20EFPX",137750,141몰,69원/1GB
28062503,Western Digital WD MOBILE Blue 5400/128M/노트북용/리퍼비시,"1TB, WD10SPZX",57990,5몰,58원/1GB
28063055,Seagate Exos 7E10 7200/256M,"4TB, ST4000NM004B",239000,3몰,60원/1GB
28063184,Seagate Exos 7E10 7200/256M,"6TB, ST6000NM004B",319000,1몰,53원/1GB
28063265,Seagate Exos 7E10 7200/256M,"8TB, ST8000NM002B",360000,2몰,45원/1GB
28063373,Seagate Exos 7E10 7200/256M,"10TB, ST10000NM002B",436000,2몰,44원/1GB
28064063,Seagate Exos 7E10 SAS/7200/256M,"6TB, ST6000NM005B",339000,1몰,57원/1GB
28400132,Western Digital WD RED Plus 5400/256M,"4TB, WD40EFPX",166150,159몰,42원/1GB
28415234,Western Digital WD RED Plus 5400/256M/해외구매,"4TB, WD40EFPX",145830,6몰,36원/1GB
28920998,Western Digital WD Purple Pro 7200/256M,"12TB, WD121PURP",555000,47몰,46원/1GB
29344094,Seagate SkyHawk 5400/256M,"2TB, ST2000VX015",118990,8몰,59원/1GB
29931239,Seagate Exos X18 7200/256M/해외구매,"16TB, ST16000NM000J",309600,5몰,19원/1GB
30142289,Seagate FireCuda 7200/256M/해외구매,"4TB, ST4000DX005",220800,3몰,55원/1GB
31477805,Western Digital WD Blue 5400/64M,"2TB, WD20EARZ",96900,2몰,48원/1GB
31998719,Western Digital WD GOLD 7200/512M/해외구매,"20TB, WD202KRYZ",907600,13몰,45원/1GB
31998806,Western Digital WD GOLD 7200/512M/해외구매,"22TB, WD221KRYZ",1126040,12몰,51원/1GB
32063873,Western Digital Ultrastar DC HC320 패키지 7200/256M HUS728T8TALE6L4,6x8TB,2094000,4몰,44원/1GB
32063891,Western Digital Ultrastar DC HC320 패키지 7200/256M HUS728T8TALE6L4,8x8TB,2792000,4몰,44원/1GB
32071091,Western Digital Ultrastar DC HC580 7200/512M/해외구매,"24TB, WUH722424ALE6L4",772910,16몰,32원/1GB
32078618,Western Digital WD GOLD 7200/512M/해외구매,"24TB, WD241KRYZ",1196000,2몰,50원/1GB
32849114,Seagate IronWolf Pro 7200/256M/해외구매,"10TB, ST10000NT001",481000,1몰,48원/1GB
32889653,Seagate FireCuda 7200/256M/해외구매,"8TB, ST8000DX001",297000,1몰,37원/1GB
33421007,Synology Plus Series 7200/256M,"8TB, HAT3310-8T",372400,59몰,47원/1GB
33421079,Synology Plus Series 7200/512M,"12TB, HAT3310-12T",509000,61몰,42원/1GB
33440615,Synology Plus Series 7200/512M/해외구매,"12TB, HAT3310-12T",396630,9몰,33원/1GB
33440654,Synology Plus Series 7200/256M/해외구매,"8TB, HAT3310-8T",421590,3몰,53원/1GB
33443276,Seagate BarraCuda 7200/256M,"1TB, ST1000DM014",77230,122몰,77원/1GB
33802007,Seagate Exos X24 7200/512M,"24TB, ST24000NM002H",919970,73몰,38원/1GB
33813077,Seagate Exos X24 7200/512M/해외구매,"24TB, ST24000NM002H",897520,12몰,37원/1GB
33823007,Seagate Exos X24 SAS/7200/512M,"24TB, ST24000NM007H",968960,48몰,40원/1GB
34372835,Seagate SkyHawk AI 7200/512M/해외구매,"24TB, ST24000VE002",974240,5몰,41원/1GB
34817159,도시바 X300 Pro 7200/256M/해외구매,"4TB, HDWR440",192000,3몰,48원/1GB
36645527,Seagate IronWolf Pro 7200/512M,"24TB, ST24000NT002",968960,185몰,40원/1GB
36793505,Seagate SkyHawk AI 7200/512M,"24TB, ST24000VE002",890000,87몰,37원/1GB
37827968,Western Digital WD RED Pro 7200/512M,"14TB, WD142KFGX",615000,95몰,44원/1GB
38345558,Synology Plus Series 7200/512M,"16TB, HAT3310-16T",558590,85몰,35원/1GB
39252002,Western Digital Ultrastar DC HC560 박스 패키지 7200/512M WUH722020ALE6L4,3x20TB,2118000,2몰,35원/1GB
39252086,Western Digital Ultrastar DC HC560 박스 패키지 7200/512M WUH722020ALE6L4,8x20TB,5680000,4몰,36원/1GB
39252089,Western Digital Ultrastar DC HC560 박스 패키지 7200/512M WUH722020ALE6L4,6x20TB,4146000,2몰,35원/1GB
40717670,Western Digital Ultrastar DC HC330 박스 패키지 7200/256M WUS721010ALE6L4,3x10TB,1215000,7몰,41원/1GB
40717700,Western Digital Ultrastar DC HC330 박스 패키지 7200/256M WUS721010ALE6L4,5x10TB,2000000,7몰,40원/1GB
40717772,Western Digital Ultrastar DC HC330 박스 패키지 7200/256M WUS721010ALE6L4,6x10TB,2400000,7몰,40원/1GB
42205340,도시바 MG10ACA Enterprise 7200/512M,"20TB, MG10ACA20T",754000,75몰,38원/1GB
42286460,Western Digital WD Blue 5640/256M,"8TB, WD80EAAZ",195020,220몰,24원/1GB
42286526,Western Digital WD Blue 5640/256M/해외구매,"8TB, WD80EAAZ",172760,52몰,22원/1GB
43525445,Western Digital Ultrastar DC HC330 박스 패키지 7200/256M WUS721010ALE6L4,8x10TB,3200000,13몰,40원/1GB
43923137,Western Digital Ultrastar DC HC580 7200/512M,"24TB, WUH722424ALE6L4",898540,120몰,37원/1GB
43931435,Western Digital Ultrastar DC HC580 박스 패키지 7200/512M WUH722424ALE6L4,24TB,878640,85몰,37원/1GB
43934615,Western Digital Ultrastar DC HC580 박스 패키지 7200/512M WUH722424ALE6L4,2x24TB,1780000,73몰,37원/1GB
43938125,Western Digital Ultrastar DC HC580 박스 패키지 7200/512M WUH722424ALE6L4,3x24TB,2715000,5몰,38원/1GB
43947065,Seagate Exos X24 SAS/7200/512M/해외구매,"24TB, ST24000NM007H",926630,5몰,39원/1GB
44763932,Western Digital Ultrastar DC HC580 패키지 7200/512M WUH722424ALE6L4,3x24TB,2787000,7몰,39원/1GB
44764241,Western Digital Ultrastar DC HC580 패키지 7200/512M WUH722424ALE6L4,2x24TB,1858000,8몰,39원/1GB
44765207,Western Digital Ultrastar DC HC580 패키지 7200/512M WUH722424ALE6L4,4x24TB,3716000,8몰,39원/1GB
44765327,Western Digital Ultrastar DC HC580 박스 패키지 7200/512M WUH722424ALE6L4,4x24TB,3570000,68몰,37원/1GB
45314279,Western Digital Ultrastar DC HC580 박스 패키지 7200/512M WUH722424ALE6L4,5x24TB,4500000,5몰,38원/1GB
45314285,Western Digital Ultrastar DC HC580 박스 패키지 7200/512M WUH722424ALE6L4,6x24TB,5400000,5몰,38원/1GB
46102532,Seagate IronWolf Pro 7200/512M 패키지 ST22000NT001,3x22TB,2745000,3몰,42원/1GB
48644504,Western Digital Ultrastar DC HC330 패키지 7200/256M WUS721010ALE6L4,6x10TB,2574000,7몰,43원/1GB
48644516,Western Digital Ultrastar DC HC330 패키지 7200/256M WUS721010ALE6L4,8x10TB,3432000,7몰,43원/1GB
48646415,Western Digital Ultrastar DC HC580 박스 패키지 7200/512M WUH722424ALE6L4,8x24TB,7200000,5몰,38원/1GB
48646478,Western Digital Ultrastar DC HC580 패키지 7200/512M WUH722424ALE6L4,6x24TB,5574000,7몰,39원/1GB
48646487,Western Digital Ultrastar DC HC580 패키지 7200/512M WUH722424ALE6L4,8x24TB,7432000,8몰,39원/1GB
48646514,Western Digital Ultrastar DC HC580 패키지 7200/512M WUH722424ALE6L4,5x24TB,4645000,8몰,39원/1GB
49645358,Western Digital Ultrastar DC HC310 패키지 7200/256M HUS726T4TALA6L4,6x4TB,1244860,3몰,52원/1GB
49645373,Western Digital Ultrastar DC HC310 패키지 7200/256M HUS726T4TALA6L4,8x4TB,1823860,3몰,57원/1GB
49830341,Western Digital Ultrastar DC HC310 패키지 7200/256M HUS726T6TALE6L4,6x6TB,1734000,7몰,48원/1GB
49830350,Western Digital Ultrastar DC HC310 패키지 7200/256M HUS726T6TALE6L4,8x6TB,2312000,7몰,48원/1GB
50129741,Seagate IronWolf Pro 7200/512M 패키지 ST22000NT001,5x22TB,4575000,4몰,42원/1GB
50129744,Seagate IronWolf Pro 7200/512M 패키지 ST22000NT001,6x22TB,5490000,4몰,42원/1GB
50129747,Seagate IronWolf Pro 7200/512M 패키지 ST22000NT001,8x22TB,7320000,2몰,42원/1GB
50129750,Seagate IronWolf Pro 7200/512M 패키지 ST22000NT001,10x22TB,9150000,4몰,42원/1GB
50129753,Seagate IronWolf Pro 7200/512M 패키지 ST22000NT001,12x22TB,10980000,2몰,42원/1GB
50129756,Seagate IronWolf Pro 7200/512M 패키지 ST22000NT001,16x22TB,14640000,4몰,42원/1GB
53782220,Seagate IronWolf Pro 7200/512M/해외구매,"24TB, ST24000NT002",920590,8몰,38원/1GB
53782478,Seagate IronWolf 패키지 7200/256M ST16000VN001,3x16TB,1935000,5몰,40원/1GB
53782493,Seagate IronWolf 패키지 7200/256M ST16000VN001,5x16TB,3225000,5몰,40원/1GB
53882864,Western Digital Ultrastar DC HC570 패키지 7200/512M WUH722222ALE6L4,6x22TB,4914000,8몰,37원/1GB
54102836,Western Digital Ultrastar DC HC520 박스 패키지 7200/256M HUH721212ALE600,3x12TB,1335000,6몰,37원/1GB
54102878,Western Digital Ultrastar DC HC520 박스 패키지 7200/256M HUH721212ALE600,5x12TB,2200000,6몰,37원/1GB
54962708,Seagate IronWolf 7200/256M/해외구매,"18TB, ST18000VN000",1011000,11몰,56원/1GB
54966698,Seagate IronWolf Pro 7200/512M 패키지 ST24000NT002,2x24TB,1998000,12몰,42원/1GB
54966701,Seagate IronWolf Pro 7200/512M 패키지 ST24000NT002,3x24TB,2997000,12몰,42원/1GB
54966704,Seagate IronWolf Pro 7200/512M 패키지 ST24000NT002,4x24TB,3996000,12몰,42원/1GB
54966710,Seagate IronWolf Pro 7200/512M 패키지 ST24000NT002,6x24TB,5994000,6몰,42원/1GB
54966713,Seagate IronWolf Pro 7200/512M 패키지 ST24000NT002,8x24TB,7992000,6몰,42원/1GB
55458851,Seagate IronWolf Pro 패키지 7200/256M ST6000NT001,3x6TB,1137000,4몰,63원/1GB
55458854,Seagate IronWolf Pro 패키지 7200/256M ST6000NT001,6x6TB,2274000,3몰,63원/1GB
55458857,Seagate IronWolf Pro 패키지 7200/256M ST6000NT001,5x6TB,1895000,4몰,63원/1GB
55458860,Seagate IronWolf Pro 패키지 7200/256M ST6000NT001,8x6TB,3032000,4몰,63원/1GB
55800002,Seagate IronWolf Pro 패키지 7200/256M ST20000NT001,3x20TB,2547000,4몰,42원/1GB
55800053,Western Digital Ultrastar DC HC550 박스 패키지 7200/512M WUH721818ALE6L4,5x18TB,2870970,2몰,32원/1GB
57295163,Western Digital WD RED Pro 7200/256M,"6TB, WD6005FFBX",337250,91몰,56원/1GB
59928815,Western Digital WD RED Plus 5400/256M/해외구매,"3TB, WD30EFPX",148000,5몰,49원/1GB
59928887,Western Digital WD RED Plus 5640/256M,"8TB, WD80EFPX",337250,134몰,42원/1GB
59928923,Western Digital WD RED Plus 5640/256M/해외구매,"8TB, WD80EFPX",255260,11몰,32원/1GB
60309929,도시바 N300 7200/512M/해외구매,"18TB, HDWG51J",509120,6몰,28원/1GB
61543025,Seagate SkyHawk 5400/256M/해외구매,"3TB, ST3000VX015",229900,3몰,77원/1GB
61543169,Seagate SkyHawk 5400/256M/해외구매,"2TB, ST2000VX017",132000,4몰,66원/1GB
61543208,Seagate SkyHawk 5400/256M/해외구매,"1TB, ST1000VX013",110800,6몰,111원/1GB
61769660,Seagate IronWolf Pro 7200/256M/해외구매,"8TB, ST8000NT001",339910,8몰,42원/1GB
62073794,Western Digital Ultrastar DC HC530 박스 패키지 7200/512M WUH721414ALE6L4,3x14TB,1541970,2몰,37원/1GB
62073824,Western Digital Ultrastar DC HC530 박스 패키지 7200/512M WUH721414ALE6L4,5x14TB,2546970,2몰,36원/1GB
62565236,Western Digital WD Purple 5640/256M,"8TB, WD85PURZ",346750,35몰,43원/1TB
62652551,Seagate IronWolf 패키지 7200/256M ST10000VN000,2x10TB,892000,15몰,45원/1GB
62652566,Seagate IronWolf 패키지 7200/256M ST10000VN000,4x10TB,1765000,15몰,44원/1GB
62652578,Seagate IronWolf 패키지 7200/256M ST10000VN000,3x10TB,1365000,3몰,46원/1GB
62652590,Seagate IronWolf 패키지 7200/256M ST10000VN000,5x10TB,2275000,2몰,46원/1GB
62652596,Seagate IronWolf 패키지 7200/256M ST10000VN000,6x10TB,2730000,2몰,46원/1GB
62652599,Seagate IronWolf 패키지 7200/256M ST10000VN000,8x10TB,3640000,2몰,46원/1GB
62652602,Seagate IronWolf 패키지 7200/256M ST10000VN000,10x10TB,4550000,3몰,46원/1GB
62652617,Seagate IronWolf 패키지 5400/256M ST4000VN006,2x4TB,351000,8몰,44원/1GB
62652623,Seagate IronWolf 패키지 5400/256M ST4000VN006,3x4TB,537000,2몰,45원/1GB
62652629,Seagate IronWolf 패키지 5400/256M ST4000VN006,4x4TB,695000,10몰,43원/1GB
62652632,Seagate IronWolf 패키지 5400/256M ST4000VN006,5x4TB,895000,3몰,45원/1GB
62652635,Seagate IronWolf 패키지 5400/256M ST4000VN006,6x4TB,1074000,3몰,45원/1GB
62652641,Seagate IronWolf 패키지 5400/256M ST4000VN006,8x4TB,1432000,3몰,45원/1GB
62652644,Seagate IronWolf 패키지 5400/256M ST4000VN006,10x4TB,1790000,3몰,45원/1GB
62653481,Seagate IronWolf 패키지 5400/256M ST8000VN002,2x8TB,718000,7몰,45원/1GB
62653484,Seagate IronWolf 패키지 5400/256M ST8000VN002,3x8TB,1077000,3몰,45원/1GB
62793665,Seagate SkyHawk 5400/256M/해외구매,"8TB, ST8000VX010",217970,15몰,27원/1GB
63087995,Seagate IronWolf 패키지 5400/256M ST6000VN006,2x6TB,598000,8몰,50원/1GB
63087998,Seagate IronWolf 패키지 5400/256M ST6000VN006,3x6TB,897000,2몰,50원/1GB
63088004,Seagate IronWolf 패키지 5400/256M ST6000VN006,4x6TB,1196000,7몰,50원/1GB
63088025,Seagate IronWolf 패키지 5400/256M ST6000VN006,5x6TB,1495000,2몰,50원/1GB
63088034,Seagate IronWolf 패키지 5400/256M ST6000VN006,6x6TB,1794000,2몰,50원/1GB
63088037,Seagate IronWolf 패키지 5400/256M ST6000VN006,8x6TB,2392000,2몰,50원/1GB
63088040,Seagate IronWolf 패키지 5400/256M ST6000VN006,10x6TB,2990000,2몰,50원/1GB
63088043,Seagate IronWolf 패키지 5400/256M ST6000VN006,12x6TB,3588000,3몰,50원/1GB
63270290,Seagate IronWolf Pro 패키지 7200/256M ST10000NT001,3x10TB,1665000,2몰,56원/1GB
63270299,Seagate IronWolf Pro 패키지 7200/256M ST10000NT001,5x10TB,2775000,2몰,56원/1GB
63270305,Seagate IronWolf Pro 패키지 7200/256M ST10000NT001,6x10TB,3330000,3몰,56원/1GB
63270311,Seagate IronWolf Pro 패키지 7200/256M ST10000NT001,8x10TB,4440000,3몰,56원/1GB
63270323,Seagate IronWolf Pro 패키지 7200/256M ST10000NT001,12x10TB,6660000,3몰,56원/1GB
63270326,Seagate IronWolf Pro 패키지 7200/256M ST10000NT001,16x10TB,8880000,3몰,56원/1GB
63270380,Seagate IronWolf Pro 패키지 7200/256M ST10000NT001,10x10TB,5550000,2몰,56원/1GB
63420605,Seagate IronWolf 5400/256M/해외구매,"8TB, ST8000VN002",355050,4몰,44원/1GB
63467903,Seagate IronWolf Pro 7200/256M/해외구매,"4TB, ST4000NT001",171590,1몰,43원/1GB
63467996,Seagate IronWolf Pro 7200/256M/해외구매,"2TB, ST2000NT001",287300,2몰,144원/1GB
63480299,Seagate IronWolf 패키지 7200/256M ST8000VN004,2x8TB,704000,12몰,44원/1GB
63480548,Seagate IronWolf Pro 7200/256M/해외구매,"14TB, ST14000NT001",536660,3몰,38원/1GB
63480671,Seagate IronWolf Pro 7200/256M/해외구매,"6TB, ST6000NT001",521550,3몰,87원/1GB
63561530,Seagate Exos X24 7200/512M/해외구매,"20TB, ST20000NM002H",770680,7몰,39원/1GB
63562157,Seagate SkyHawk AI 7200/256M/해외구매,"20TB, ST20000VE002",744900,3몰,37원/1GB
63807200,Seagate IronWolf Pro 7200/256M/해외구매,"10TB, ST10000NE000",606990,3몰,61원/1GB
63809528,Seagate IronWolf 7200/256M/해외구매,"10TB, ST10000VN000",449000,10몰,45원/1GB
64270361,Seagate IronWolf 5400/256M/해외구매,"2TB, ST2000VN003",159000,1몰,80원/1GB
64380278,Synology Plus Series 5400/256M,"2TB, HAT3300-2T",160550,65몰,80원/1GB
65224205,Synology Plus Series 5400/256M/해외구매,"4TB, HAT3300-4T",130970,58몰,33원/1GB
65368325,Seagate IronWolf 5400/256M/해외구매,"6TB, ST6000VN006",510650,1몰,85원/1GB
65370494,Sebap Amigos 7200/256M/리퍼비시,"12TB, SB1200RS",339170,16몰,28원/1GB
65370497,Sebap Amigos 7200/256M/리퍼비시,"5TB, SM1500RS",115000,16몰,23원/1GB
65431049,Western Digital WD RED Pro 7200/256M,"8TB, WD8005FFBX",432250,86몰,54원/1GB
66138605,Seagate IronWolf 5900/64M/해외구매,"3TB, ST3000VN006",298920,3몰,100원/1GB
66138752,Western Digital WD Purple 5400/64M/해외구매,"1TB, WD11PURZ",116300,5몰,116원/1GB
67371185,Seagate BarraCuda 7200/256M/해외구매,"1TB, ST1000DM014",115100,2몰,115원/1GB
67371260,Seagate BarraCuda Pro 7200/256M/해외구매,"14TB, ST14000DM001",269440,14몰,19원/1GB
67371317,Seagate BarraCuda Pro 7200/256M/해외구매,"6TB, ST6000DM004",254410,4몰,42원/1GB
67578299,Western Digital Ultrastar DC HC310 7200/256M/해외구매,"4TB, HUS726T4TALA6L4",252300,5몰,63원/1GB
67578869,Synology Plus Series 5400/256M/해외구매,"6TB, HAT3300-6T",217390,15몰,36원/1GB
67681715,Western Digital WD RED Plus 5400/64M/해외구매,"2TB, WD20EFPX",181210,11몰,91원/1GB
68245118,Western Digital WD RED Pro 7200/512M/해외구매,"14TB, WD142KFGX",453810,13몰,32원/1GB
68364803,Seagate Exos X20 SAS/7200/256M/해외구매,"20TB, ST20000NM002D",1053800,1몰,53원/1GB
68365541,Western Digital WD BLACK 7200/256M/해외구매,"4TB, WD4006FZBX",230710,3몰,58원/1GB
68366825,도시바 N300 7200/256M/해외구매,"8TB, HDWG480",239660,8몰,30원/1GB
68438249,Seagate Exos 7E10 SAS/7200/256M/해외구매,"10TB, ST10000NM018B",520380,3몰,52원/1GB
68438327,Seagate Exos 7E10 7200/256M/해외구매,"10TB, ST10000NM017B",244800,2몰,24원/1GB
68438672,Synology Plus Series 7200/512M/해외구매,"16TB, HAT3310-16T",620890,6몰,39원/1GB
68440127,Western Digital WD Purple 5400/256M/해외구매,"4TB, WD43PURZ",134190,17몰,34원/1GB
68440355,도시바 MG09ACA Enterprise 7200/512M/해외구매,"18TB, MG09ACA18T",598820,12몰,33원/1GB
68533931,Seagate SkyHawk AI 7200/256M/해외구매,"8TB, ST8000VEZ01",292150,4몰,37원/1GB
68534528,Western Digital WD BLACK 7200/256M/해외구매,"8TB, WD8002FZBX",262810,13몰,33원/1GB
68536319,Seagate Exos 7E10 7200/256M/해외구매,"4TB, ST4000NM024B",278990,3몰,70원/1GB
68536445,Seagate Exos 7E8 7200/256M/해외구매,"8TB, ST8000NM000A",242630,2몰,30원/1GB
68536574,Seagate Exos 7E10 7200/256M/해외구매,"8TB, ST8000NM017B",203220,4몰,25원/1GB
68575247,Seagate IronWolf 패키지 5400/256M ST8000VN002,4x8TB,1436000,8몰,45원/1GB
68575259,Seagate IronWolf 패키지 5400/256M ST8000VN002,5x8TB,1795000,4몰,45원/1GB
68575262,Seagate IronWolf 패키지 5400/256M ST8000VN002,6x8TB,2154000,4몰,45원/1GB
68575268,Seagate IronWolf 패키지 5400/256M ST8000VN002,8x8TB,2872000,4몰,45원/1GB
68575277,Seagate IronWolf 패키지 5400/256M ST8000VN002,10x8TB,3590000,4몰,45원/1GB
68690117,Seagate Exos 7E10 SAS/7200/256M/해외구매,"4TB, ST4000NM025B",384540,5몰,96원/1GB
68691866,Western Digital WD Purple 5640/128M/해외구매,"8TB, WD84PURZ",358600,2몰,45원/1TB
68917079,Western Digital WD Purple Pro 7200/512M/해외구매,"22TB, WD221PURP",1073390,4몰,49원/1GB
68917853,Western Digital WD Purple 5400/256M/해외구매,"3TB, WD33PURZ",198260,1몰,66원/1GB
68918435,Western Digital WD Purple Pro 7200/512M/해외구매,"18TB, WD181PURP",646800,26몰,36원/1GB
69470399,Western Digital Ultrastar DC HC560 7200/512M/해외구매,"20TB, WUH722020BLE6L4",708900,18몰,35원/1GB
69470444,Western Digital Ultrastar DC HC560 박스 패키지 7200/512M WUH722020BLE6L4,20TB,719000,3몰,36원/1GB
69470549,Western Digital Ultrastar DC HC560 7200/512M,"20TB, WUH722020BLE6L4",735990,15몰,37원/1GB
69470558,Western Digital Ultrastar DC HC560 박스 패키지 7200/512M WUH722020BLE6L4,2x20TB,1430000,3몰,36원/1GB
69470570,Western Digital Ultrastar DC HC560 박스 패키지 7200/512M WUH722020BLE6L4,3x20TB,2145000,5몰,36원/1GB
69470579,Western Digital Ultrastar DC HC560 박스 패키지 7200/512M WUH722020BLE6L4,4x20TB,2840000,3몰,36원/1GB
69470588,Western Digital Ultrastar DC HC560 박스 패키지 7200/512M WUH722020BLE6L4,5x20TB,3550000,5몰,36원/1GB
69470600,Western Digital Ultrastar DC HC560 박스 패키지 7200/512M WUH722020BLE6L4,6x20TB,4260000,5몰,36원/1GB
69470603,Western Digital Ultrastar DC HC560 박스 패키지 7200/512M WUH722020BLE6L4,8x20TB,5680000,6몰,36원/1GB
69565289,Western Digital Ultrastar DC HC570 박스 패키지 7200/512M WUH722222ALE6L4,3x22TB,2385000,6몰,36원/1GB
69565328,Western Digital Ultrastar DC HC570 박스 패키지 7200/512M WUH722222ALE6L4,5x22TB,3950000,6몰,36원/1GB
69699818,Western Digital Ultrastar DC HC320 박스 패키지 SAS/7200/256M HUS728T8TAL,8TB,376200,1몰,47원/1GB
70003292,도시바 S300 PRO 7200/512M/해외구매,"10TB, HDWTA1AUZSVAR",398000,1몰,40원/1GB
70006454,Western Digital WD GOLD 7200/256M 해외구매,"4TB, WD4004FRYZ",241080,7몰,60원/1GB
70254731,Synology Plus Series 5400/256M/해외구매,"2TB, HAT3300-2T",132580,27몰,66원/1GB
70254797,Synology Plus Series 7200/256M/해외구매,"12TB, HAT3300-12T",505900,3몰,42원/1GB
70336595,Western Digital WD Purple Pro 7200/256M/해외구매,"12TB, WD121PURP",607400,3몰,51원/1GB
70336745,Western Digital WD Purple Pro 7200/512M/해외구매,"14TB, WD142PURP",539500,7몰,39원/1GB
70531100,Western Digital WD Purple 5400/256M/해외구매,"6TB, WD64PURZ",229990,2몰,38원/1GB
70769399,Western Digital WD GOLD 7200/512M/해외구매,"14TB, WD142KRYZ",642800,3몰,46원/1GB
70769465,Western Digital WD GOLD 7200/256M/해외구매,"10TB, WD102KRYZ",525350,3몰,53원/1GB
70770140,도시바 X300 Refresh 7200/512M,"10TB, HDWR71A",384130,138몰,38원/1TB
70770143,도시바 X300 Refresh 7200/512M,"8TB, HDWR780",304990,135몰,38원/1TB
70770152,도시바 X300 Refresh 7200/512M,"6TB, HDWR760",236490,131몰,39원/1TB
70770158,도시바 X300 Refresh 7200/512M,"4TB, HDWR740",167490,130몰,42원/1TB
70770185,도시바 X300 Refresh 7200/512M/해외구매,"10TB, HDWR71A",385030,1몰,39원/1TB
70770194,도시바 X300 Refresh 7200/512M/해외구매,"6TB, HDWR760",225480,7몰,38원/1TB
70770203,도시바 X300 Refresh 7200/512M/해외구매,"4TB, HDWR740",182210,9몰,46원/1TB
71011388,Seagate Exos 7E10 SAS/7200/256M/해외구매,"6TB, ST6000NM020B",423150,4몰,71원/1GB
71011436,Seagate Exos 7E10 SAS/7200/256M/해외구매,"2TB, ST2000NM018B",286400,2몰,143원/1GB
71011550,Seagate SkyHawk AI 7200/512M/해외구매,"20TB, ST20000VE003",1038940,1몰,52원/1GB
71161526,도시바 S300 PRO 7200/512M/해외구매,"4TB, HDWTA40UZSVAR",170000,1몰,43원/1GB
71161559,도시바 S300 PRO 7200/512M/해외구매,"6TB, HDWTA60UZSVAR",196900,1몰,33원/1GB
71161583,도시바 S300 PRO 7200/512M/해외구매,"8TB, HDWTA80UZSVAR",317680,4몰,40원/1GB
71161862,도시바 N300 PRO 7200/512M/해외구매,"22TB, HDWG62CXZSTB",917000,3몰,42원/1GB
71902622,Western Digital WD RED Pro 7200/256M,"4TB, WD4005FFBX",251750,75몰,63원/1GB
72006833,Western Digital WD RED Pro 7200/512M,"24TB, WD240KFGX",1250000,3몰,52원/1GB
72305477,Seagate IronWolf Pro 패키지 7200/256M ST8000NT001,5x8TB,2195000,3몰,55원/1GB
72305489,Seagate IronWolf Pro 패키지 7200/256M ST8000NT001,3x8TB,1317000,2몰,55원/1GB
72590651,Western Digital WD Blue 5400/64M/해외구매,"2TB, WD20EARZ",93360,7몰,47원/1GB
72592646,도시바 X300 Refresh 7200/512M/해외구매,"14TB, HDWR51E",611760,2몰,44원/1TB
72979229,도시바 MG10ADA Enterprise 7200/512M,"2TB, MG10ADA200",188990,62몰,94원/1GB
72979271,도시바 MG10ADA Enterprise 7200/512M,"8TB, MG10ADA800",359000,66몰,45원/1GB
73074497,도시바 MG10ADA Enterprise 7200/512M,"10TB, MG10ADA10T",439000,69몰,44원/1GB
73074581,도시바 MG09ACA Enterprise 7200/512M,"12TB, MG09ACA12T",479000,43몰,40원/1GB
73323095,Seagate IronWolf 패키지 7200/256M ST16000VN001,6x16TB,3870000,3몰,40원/1GB
73323098,Seagate IronWolf 패키지 7200/256M ST16000VN001,8x16TB,5160000,3몰,40원/1GB
73323107,Seagate IronWolf 패키지 7200/256M ST16000VN001,10x16TB,6450000,2몰,40원/1GB
73323110,Seagate IronWolf 패키지 7200/256M ST16000VN001,12x16TB,7740000,3몰,40원/1GB
73559744,Western Digital Ultrastar DC HA340 7200/512M,"12TB, WUS721212BLE604",468000,1몰,39원/1GB
73560272,Western Digital Ultrastar DC HA340 7200/512M,"10TB, WUS721210BLE604",419000,1몰,42원/1GB
73560293,Western Digital Ultrastar DC HA340 7200/256M,"8TB, WUS721208BLE604",349000,20몰,44원/1GB
73560305,Western Digital Ultrastar DC HA340 7200/256M,"6TB, WUS721206BLE604",289000,20몰,48원/1GB
73560314,Western Digital Ultrastar DC HA340 7200/256M,"4TB, WUS721204BLE6L4",219000,54몰,55원/1GB
73560437,Western Digital Ultrastar DC HA340 박스 패키지 7200/256M WUS721204BLE6L4,4TB,198990,30몰,50원/1GB
73560440,Western Digital Ultrastar DC HA340 박스 패키지 7200/256M WUS721204BLE6L4,2x4TB,395990,49몰,49원/1GB
73560443,Western Digital Ultrastar DC HA340 박스 패키지 7200/256M WUS721204BLE6L4,4x4TB,787990,38몰,49원/1GB
73561364,Western Digital Ultrastar DC HC550 7200/512M,"14TB, WUH721814ALE6L4",519000,50몰,37원/1GB
73561508,Western Digital Ultrastar DC HC550 SAS/7200/512M,"14TB, WUH721814AL5204",579000,1몰,41원/1GB
73561691,Western Digital Ultrastar DC HC550 박스 패키지 7200/512M WUH721814ALE6L4,14TB,499000,55몰,36원/1GB
73561715,Western Digital Ultrastar DC HC550 박스 패키지 7200/512M WUH721814ALE6L4,2x14TB,990000,38몰,35원/1GB
73561721,Western Digital Ultrastar DC HC550 박스 패키지 7200/512M WUH721814ALE6L4,4x14TB,1960000,47몰,35원/1GB
73948616,Western Digital Ultrastar DC HC555 7200/512M,"18TB, WUH722018CLE6L4",619000,37몰,34원/1GB
73948778,Western Digital Ultrastar DC HC555 박스 패키지 7200/512M WUH722018CLE6L4,18TB,619000,42몰,34원/1GB
73948826,Western Digital Ultrastar DC HC555 박스 패키지 7200/512M WUH722018CLE6L4,2x18TB,1230000,42몰,34원/1GB
73948865,Western Digital Ultrastar DC HC555 박스 패키지 7200/512M WUH722018CLE6L4,4x18TB,2429990,39몰,34원/1GB
74012726,Western Digital WD RE+ 5760/128MB/해외구매,"6TB, WD6005FRPZ",328250,2몰,55원/1GB
74013362,도시바 X300 7200/256M 해외구매,"12TB, HDWR21C",550800,3몰,46원/1GB
74124182,Seagate Exos X24 SAS/7200/512M/해외구매,"16TB, ST16000NM007H",639000,1몰,40원/1GB
74124191,Seagate Exos X24 SAS/7200/512M/해외구매,"20TB, ST20000NM007H",978100,1몰,49원/1GB
74417084,Seagate Exos X24 SAS/7200/512M/해외구매,"12TB, ST12000NM007H",639200,1몰,53원/1GB
74971682,도시바 N300 7200/512M,"22TB, HDWG62C",799000,26몰,36원/1GB
74971805,도시바 N300 7200/512M,"16TB, HDWG51G",600890,17몰,38원/1GB
74971820,도시바 N300 7200/512M,"14TB, HDWG51E",526890,17몰,38원/1GB
74971826,도시바 N300 7200/512M,"12TB, HDWG51C",474990,19몰,40원/1GB
74971835,도시바 N300 7200/512M,"10TB, HDWG71A",439990,39몰,44원/1GB
74971853,도시바 N300 7200/512M,"8TB, HDWG780",350000,42몰,44원/1GB
74971859,도시바 N300 7200/512M,"6TB, HDWG760",280000,43몰,47원/1GB
74971868,도시바 N300 7200/512M,"4TB, HDWG740",179900,46몰,45원/1GB
74995226,Western Digital WD GOLD 7200/512M/해외구매,"26TB, WD261KRYZ",1290900,4몰,50원/1GB
75072632,Western Digital WD Purple Pro 7200/256M,"8TB, WD8002PURP",365000,21몰,46원/1GB
75072779,Western Digital WD Purple Pro 7200/512M,"12TB, WD122PURP",570000,11몰,48원/1GB
75072806,Western Digital WD Purple Pro 7200/512M,"14TB, WD142PURP",635000,18몰,45원/1GB
75072866,Western Digital WD Purple Pro 7200/512M/해외구매,"24TB, WD240PURP",1087900,2몰,45원/1GB
75073877,Western Digital Ultrastar DC HC555 박스 패키지 7200/512M WUH722018CLE6L4,3x18TB,1845000,4몰,34원/1GB
75465692,도시바 MG10ADA Enterprise 7200/512M,"1TB, MG10ADA100",159000,6몰,159원/1GB
75465731,도시바 MG10ADA Enterprise 7200/512M,"4TB, MG10ADA400",229000,44몰,57원/1GB
75465764,도시바 MG10ADA Enterprise 7200/512M,"6TB, MG10ADA600",309000,36몰,52원/1GB
75465788,도시바 MG09ACA Enterprise 7200/512M,"14TB, MG09ACA14T",549000,10몰,39원/1GB
75465794,도시바 MG09ACA Enterprise 7200/512M,"16TB, MG09ACA16T",619000,41몰,39원/1GB
75465824,도시바 MG10AFA Enterprise 7200/512M,"22TB, MG10AFA22T",839000,35몰,38원/1GB
75536690,Western Digital WD GOLD 7200/256M/해외구매,"6TB, WD6004FRYZ",396200,13몰,66원/1GB
75536789,Western Digital WD Purple Pro 7200/512M,"10TB, WD102PURP",513000,12몰,51원/1GB
75536882,Western Digital WD Purple Pro 7200/256M/해외구매,"8TB, WD8002PURP",454690,12몰,57원/1GB
75536957,Western Digital WD BLACK 7200/128M/해외구매,"6TB, WD6004FZWX",236250,8몰,39원/1GB
75536996,Western Digital WD Blue 5400/64M/해외구매,"1TB, WD10EARZ",114570,3몰,115원/1GB
75537053,Synology Enterprise 7200/256M/해외구매,"4TB, HAT5300-4T",346920,13몰,87원/1GB
75857006,도시바 S300 PRO 7200/512M,"10TB, HDWTA1A",512000,49몰,51원/1GB
75857054,도시바 S300 PRO 7200/512M,"8TB, HDWTA80",354100,36몰,44원/1GB
75857093,도시바 S300 PRO 7200/512M,"6TB, HDWTA60",270300,35몰,45원/1GB
75857102,도시바 S300 PRO 7200/512M,"4TB, HDWTA40",186600,36몰,47원/1GB
75993539,Synology Enterprise SAS/7200/256M/해외구매,"8TB, HAS5300-8T",1013460,1몰,127원/1GB
75993632,Synology Enterprise SAS/7200/256M/해외구매,"12TB, HAS5300-12T",339990,8몰,28원/1GB
76073489,도시바 X300 Pro 7200/512M/해외구매,"22TB, HDWR62C",631090,1몰,29원/1GB
76162442,Western Digital Ultrastar DC HC555 패키지 7200/512M WUH722018CLE6L4,2x18TB,1278000,6몰,36원/1GB
76162445,Western Digital Ultrastar DC HC555 패키지 7200/512M WUH722018CLE6L4,4x18TB,2556000,6몰,36원/1GB
76162448,Western Digital Ultrastar DC HC555 패키지 7200/512M WUH722018CLE6L4,6x18TB,3834000,5몰,36원/1GB
76162451,Western Digital Ultrastar DC HC555 패키지 7200/512M WUH722018CLE6L4,8x18TB,5112000,6몰,36원/1GB
76162457,Western Digital Ultrastar DC HC550 박스 패키지 7200/512M WUH721814ALE6L4,5x14TB,2450000,5몰,35원/1GB
76162460,Western Digital Ultrastar DC HC550 박스 패키지 7200/512M WUH721814ALE6L4,3x14TB,1485000,5몰,35원/1GB
76402004,Western Digital Ultrastar DC HC580 SAS/7200/512M,"24TB, WUH722424AL5204",948990,13몰,40원/1GB
76404461,도시바 L200 5400/128M/해외구매,"2TB, HDWL120XZSTA",117000,6몰,59원/1GB
76510955,Western Digital WD RED Pro 7200/256M/해외구매,"6TB, WD6005FFBX",430690,3몰,72원/1GB
76511003,Western Digital WD RED Pro 7200/256M/해외구매,"8TB, WD8005FFBX",527240,5몰,66원/1GB
76512770,Seagate Exos X24 7200/512M,"20TB, ST20000NM002H",779000,11몰,39원/1GB
76791812,Western Digital Ultrastar DC HC550 패키지 7200/512M WUH721814ALE6L4,2x14TB,989890,25몰,35원/1GB
76791824,Western Digital Ultrastar DC HC550 패키지 7200/512M WUH721814ALE6L4,4x14TB,2076000,4몰,37원/1GB
76791830,Western Digital Ultrastar DC HC550 패키지 7200/512M WUH721814ALE6L4,6x14TB,3114000,3몰,37원/1GB
76792073,Western Digital Ultrastar DC HC550 박스 패키지 7200/512M WUH721814ALE6L4,6x14TB,2940000,5몰,35원/1GB
76792082,Western Digital Ultrastar DC HC550 박스 패키지 7200/512M WUH721814ALE6L4,8x14TB,3920000,14몰,35원/1GB
76792136,Western Digital Ultrastar DC HC570 패키지 7200/512M WUH722222ALE6L4,8x22TB,6552000,6몰,37원/1GB
76792187,Western Digital Ultrastar DC HC560 패키지 7200/512M WUH722020BLE6L4,2x20TB,1429890,23몰,36원/1GB
76792199,Western Digital Ultrastar DC HC560 패키지 7200/512M WUH722020BLE6L4,4x20TB,2956000,6몰,37원/1GB
76792202,Western Digital Ultrastar DC HC560 패키지 7200/512M WUH722020BLE6L4,6x20TB,4434000,5몰,37원/1GB
76792211,Western Digital Ultrastar DC HC560 패키지 7200/512M WUH722020BLE6L4,8x20TB,5912000,6몰,37원/1GB
76875470,Western Digital Ultrastar DC HC555 박스 패키지 7200/512M WUH722018CLE6L4,5x18TB,3050000,3몰,34원/1GB
76875476,Western Digital Ultrastar DC HC555 박스 패키지 7200/512M WUH722018CLE6L4,6x18TB,3660000,2몰,34원/1GB
76875482,Western Digital Ultrastar DC HC555 박스 패키지 7200/512M WUH722018CLE6L4,8x18TB,4880000,7몰,34원/1GB
76875491,Western Digital Ultrastar DC HC570 박스 패키지 7200/512M WUH722222ALE6L4,6x22TB,4740000,5몰,36원/1GB
76875494,Western Digital Ultrastar DC HC570 박스 패키지 7200/512M WUH722222ALE6L4,8x22TB,6320000,5몰,36원/1GB
76875500,Western Digital Ultrastar DC HA340 패키지 7200/256M WUS721204BLE6L4,2x4TB,438000,17몰,55원/1GB
76875503,Western Digital Ultrastar DC HA340 패키지 7200/256M WUS721204BLE6L4,4x4TB,876000,5몰,55원/1GB
76875506,Western Digital Ultrastar DC HA340 패키지 7200/256M WUS721204BLE6L4,6x4TB,1314000,5몰,55원/1GB
76875509,Western Digital Ultrastar DC HA340 패키지 7200/256M WUS721204BLE6L4,8x4TB,1752000,5몰,55원/1GB
76947098,Western Digital WD RED Pro 7200/512M/해외구매,"24TB, WD240KFGX",709090,5몰,30원/1GB
76947188,Western Digital WD GOLD 7200/512M/해외구매,"12TB, WD122KRYZ",775190,2몰,65원/1GB
77382911,Western Digital Ultrastar DC HC550 패키지 7200/512M WUH721814ALE6L4,8x14TB,4150000,1몰,37원/1GB
77621444,도시바 N300 7200/512M/해외구매,"4TB, HDWG740",177910,4몰,44원/1GB
77710193,Western Digital Ultrastar DC HC550 박스 패키지 7200/512M WUH721816ALE6L4,5x16TB,2850000,3몰,36원/1GB
77788049,Seagate BarraCuda 7200/512M,"16TB, ST16000DM001",499000,30몰,31원/1GB
77788115,Seagate BarraCuda 7200/512M,"20TB, ST20000DM001",599000,21몰,30원/1GB
77788166,Seagate BarraCuda 7200/512M,"24TB, ST24000DM001",699000,6몰,29원/1GB
77788532,Western Digital Ultrastar DC HC590 7200/512M,"26TB, WUH722626ALE6L4",1068990,11몰,41원/1GB
77861276,도시바 N300 PRO 7200/512M/해외구매,"20TB, HDWG62AXZSTB",560180,12몰,28원/1GB
77961557,Western Digital WD GOLD 7200/512M/해외구매,"24TB, WD242KRYZ",1142600,1몰,48원/1GB
77962076,도시바 N300 7200/512M/해외구매,"16TB, HDWG51G",637100,2몰,40원/1GB
77962193,도시바 N300 7200/512M/해외구매,"14TB, HDWG51E",501500,3몰,36원/1GB
78096329,Western Digital WD RED Pro 7200/512M/해외구매,"26TB, WD260KFGX",808360,17몰,31원/1GB
78101576,Western Digital Ultrastar DC HC590 박스 패키지 7200/512M WUH722626ALE6L4,26TB,1048990,7몰,40원/1GB
78101630,Western Digital Ultrastar DC HC590 박스 패키지 7200/512M WUH722626ALE6L4,2x26TB,2119990,7몰,41원/1GB
78101651,Western Digital Ultrastar DC HC590 박스 패키지 7200/512M WUH722626ALE6L4,4x26TB,4249990,7몰,41원/1GB
78310841,Seagate Exos X24 SAS/7200/512M,"20TB, ST20000NM007H",789000,2몰,39원/1GB
78385313,Seagate Exos X22 SAS/7200/512M/해외구매,"22TB, ST22000NM000E",1099660,7몰,50원/1GB
78385364,Seagate Exos 10E2400 SAS/10K/256M/해외구매,"1.2TB, ST1200MM0129",369500,3몰,308원/1GB
78385517,Seagate Exos 7E10 SAS/7200/256M/해외구매,"8TB, ST8000NM018B",266280,5몰,33원/1GB
78385532,Western Digital WD Purple Pro 7200/512M/해외구매,"12TB, WD122PURP",547480,1몰,46원/1GB
78530909,Western Digital Ultrastar DC HA340 박스 패키지 7200/256M WUS721204BLE6L4,8x4TB,1576000,2몰,49원/1GB
78615476,도시바 N300 7200/512M,"20TB, HDWG62A",699000,11몰,35원/1GB
78711398,Western Digital Ultrastar DC HC555 7200/512M,"16TB, WUH722016CLE6L4",599000,27몰,37원/1GB
78711641,Western Digital Ultrastar DC HC555 박스 패키지 7200/512M WUH722016CLE6L4,16TB,579000,27몰,36원/1GB
78711665,Western Digital Ultrastar DC HC555 박스 패키지 7200/512M WUH722016CLE6L4,2x16TB,1150000,21몰,36원/1GB
78711674,Western Digital Ultrastar DC HC555 박스 패키지 7200/512M WUH722016CLE6L4,4x16TB,2280000,21몰,36원/1GB
78785972,Seagate IronWolf 패키지 5400/256M ST4000VN006,12x4TB,2148000,4몰,45원/1GB
78845477,도시바 MG08ADA Enterprise 7200/256M,"4TB, MG08ADA400",208000,26몰,52원/1GB
78845597,도시바 MG08ADA Enterprise 7200/256M,"8TB, MG08ADA800",359000,28몰,45원/1GB
78845657,도시바 MG08ADA Enterprise 7200/256M,"6TB, MG08ADA600",289000,28몰,48원/1GB
78999002,Seagate BarraCuda 7200/512M/해외구매,"24TB, ST24000DM001",722660,7몰,30원/1GB
78999047,Seagate BarraCuda 7200/512M/해외구매,"20TB, ST20000DM001",558400,8몰,28원/1GB
79113635,Western Digital Ultrastar DC HC550 박스 패키지 7200/512M WUH721816ALE6L4,3x16TB,1725000,3몰,36원/1GB
79114211,Seagate IronWolf 패키지 5400/256M ST8000VN002,12x8TB,4308000,3몰,45원/1GB
79114532,도시바 X300 Refresh 7200/512M/해외구매,"8TB, HDWR780",316900,6몰,40원/1TB
79556348,Western Digital WD Ultrastar DC HC555 SAS/7200/512M,"18TB, WUH722018CL5204",가격비교예정,0몰,
79556381,Western Digital WD Ultrastar DC HC555 SAS/7200/512M,"16TB, WUH722016CL5204",가격비교예정,0몰,
79857653,Synology Enterprise Series 7200/해외구매,"20TB, HAT5310-20T",1021800,8몰,51원/1GB
79857719,Synology Enterprise Series 7200/해외구매,"8TB, HAT5310-8T",590000,5몰,74원/1GB
79858124,Western Digital Ultrastar DC HA340 박스 패키지 7200/256M WUS721206BLE6L4,6TB,269000,20몰,45원/1GB
79858160,Western Digital Ultrastar DC HA340 박스 패키지 7200/256M WUS721206BLE6L4,4x6TB,1040000,20몰,43원/1GB
80149481,Western Digital Ultrastar DC HA340 박스 패키지 7200/256M WUS721206BLE6L4,2x6TB,530000,20몰,44원/1GB
80149532,Western Digital Ultrastar DC HA340 박스 패키지 7200/256M WUS721208BLE6L4,4x8TB,1280000,20몰,40원/1GB
80149619,Western Digital Ultrastar DC HA340 박스 패키지 7200/256M WUS721208BLE6L4,8TB,329000,20몰,41원/1GB
80149628,Western Digital Ultrastar DC HA340 박스 패키지 7200/256M WUS721208BLE6L4,2x8TB,650000,20몰,41원/1GB
80151281,Seagate BarraCuda 7200/512M/해외구매,"16TB, ST16000DM001",523690,2몰,33원/1GB
80569646,Western Digital WD Purple 7200/512M/해외구매,"14TB, WD140PURZ",721600,2몰,52원/1GB
80979842,Western Digital Ultrastar DC HA340 7200/256M,"8TB, WUS721208BLE6L4",349000,20몰,44원/1GB
81062234,Western Digital Ultrastar DC HA340 7200/256M,"6TB, WUS721206BLE6L4",289000,3몰,48원/1GB
87644120,도시바 N300 PRO 7200/512M/해외구매,"24TB, HDWG82EXZSTB",1114500,1몰,46원/1GB
88234007,Seagate Exos X24 SAS/7200/512M,"12TB, ST12000NM007H",519000,1몰,43원/1GB
89730467,Seagate Exos X24 7200/512M,"12TB, ST12000NM002H",509000,8몰,42원/1GB
89730497,Seagate Exos X24 7200/512M,"16TB, ST16000NM002H",629000,8몰,39원/1GB
