Id,Name,Type,Price,Mall,2025-02-13 10:29:45
73075,APC BACK-UPS CS 500(BK500EI),,191000,52몰,
73078,APC Smart-UPS 1000(SUA1000I),,500000,1몰,
73084,APC SUA 5000RMI 5U,,3405000,17몰,
73085,APC SUA 750RMI2U,,539000,1몰,
73505,PCM UPS KIN-1000AP,,330000,1몰,
73507,PCM UPS KIN-1500AP,,552900,1몰,
913792,APC BE700KR,,217000,68몰,
1000768,APC BE400-KR,,145000,26몰,
1004540,APC BE550-KR,,185000,44몰,
1026982,이도디스플레이 ICE-MAN 500L V2.2 벌크,,17500,7몰,
1062033,Enhance ENP-7025B Tyan Korea 1개,,75000,19몰,
1253359,WEED W450-MW 벌크,,19990,42몰,
1430348,이도디스플레이 ICE-MAN M500W V2.2,,27040,17몰,
1516395,GSI DOHICH VT-500 PLUS,,30000,1몰,
1540915,이도디스플레이 ICE-MAN 600AL V2.3 벌크,,27272,26몰,
1543686,HALO ATX-H500W,,14690,16몰,
1565135,WEED W600-ORIGIN,,24440,32몰,
1658133,AcBEL CE2 450,,39920,6몰,
1662750,FSP FSP300-60GHS(85),,55990,49몰,
1671473,FSP FSP400-60GHS(85),,63990,42몰,
1757968,이도디스플레이 ICE-MAN TFX450W,,22990,13몰,
1867846,HALO Bequiet-600RW V2.3,,24360,21몰,
1928673,마이크로닉스 Classic II 500W 80PLUS 230V EU,,50880,9몰,
1928750,마이크로닉스 Classic II 600W 80PLUS 230V EU,,58520,14몰,
1940920,이도디스플레이 ICE-MAN 600AL V2.3,,28990,15몰,
1966330,마이크로닉스 Classic II 700W 80PLUS 230V EU,,81240,7몰,
2105932,셀텍 LR1204 DC to DC 120W 어댑터 미포함,,18210,4몰,
2105947,셀텍 LR1204 DC to DC 120W 12V/5A 60W 어댑터 포함,,29250,5몰,
2105954,셀텍 LR1204 DC to DC 120W 12V/8.5A 102W 어댑터 포함,,43500,2몰,
2110209,마이크로닉스 New Performance 600W 80PLUS브론즈 Change-up,,70000,25몰,
2123356,쿨러마스터 V1000,,361320,1몰,
2180509,셀텍 LR1010 DC to DC 180W 어댑터 미포함,,36000,4몰,
2180529,셀텍 LR1010 DC to DC 180W 24V/5A 120W 어댑터 포함,,63000,2몰,
2310854,AONE TFX 450P,,24000,24몰,
2451400,AONE 태왕 EP600L KC,,23000,59몰,
2459011,AONE 500P KC,,24000,48몰,
2509283,AONE 태왕 EP600 KC,,24500,54몰,
2511691,AONE 태왕 TFX-450T KC,,21500,30몰,
2585670,스카이디지탈 파워스테이션4 PS4-350M 86P ActivePFC V2.31,,48790,83몰,
2585708,스카이디지탈 파워스테이션4 PS4-350T 86P ActivePFC V2.31,,51690,44몰,
2591232,셀텍 LR1010 DC to DC 180W 24V/7A 168W 어댑터 포함,,75000,2몰,
2615457,AONE Micro 450P-KC,,21450,59몰,
2641383,BABEL ECO 620BK V2.3 Blackbel Series 벌크,,29990,19몰,
2641432,BABEL Sense 600LT V2.3 Silverbel Series 벌크,,21980,13몰,
2641447,BABEL Sense 600ST V2.3 Blackbel Series 벌크,,18500,21몰,
2685447,Enhance ENP-7025B Tyan Korea 10개,,750000,28몰,
2716389,마이크로닉스 Compact SFX 300W 80PLUS브론즈,,62500,141몰,
2717067,마이크로닉스 Compact SFX 350W 80PLUS브론즈,,69100,144몰,
2722503,EATON 5PX 1500i RT2U,,1297000,2몰,
2722668,EATON Ellipse ECO 650 DIN 기본,,215000,3몰,
2722682,EATON Ellipse ECO 650 USB DIN 기본,,222000,7몰,
2722708,EATON Ellipse ECO 1200 USB DIN 기본,,317000,8몰,
2722722,EATON Ellipse ECO 1600 USB DIN 기본,,379000,1몰,
2722817,APC SMC 1000i (Smart-UPS C 1000i),,399000,38몰,
2722850,APC SMC 1000i-2U (Smart-UPS C 1000i 2U),,508000,19몰,
2722877,APC SMC 1500i (Smart-UPS C 1500i),,527000,14몰,
2722882,APC SMC 1500i-2U (Smart-UPS C 1500i 2U),,685000,12몰,
2734091,APC RBC24 교체용 배터리,,713900,5몰,
2734125,APC RBC23 교체용 배터리,,506000,12몰,
2734148,APC RBC22 교체용 배터리,,352000,6몰,
2734189,APC RBC2 교체용 배터리,,70000,9몰,
2734357,APC RBC48 교체용 배터리,,182000,10몰,
2734412,APC RBC17 교체용 배터리,,77000,8몰,
2734451,APC RBC31 교체용 배터리,,405000,9몰,
2734518,APC RBC43 교체용 배터리,,657000,8몰,
2734532,APC RBC6 교체용 배터리,,223000,8몰,
2734545,APC RBC7 교체용 배터리,,312000,9몰,
2735563,APC RBC106 교체용 배터리,,73000,9몰,
2735900,APC RBC110 교체용 배터리,,73000,6몰,
2736210,APC RBC55 교체용 배터리,,615000,5몰,
2736634,APC RBC12 교체용 배터리,,610000,6몰,
2748099,KSTAR HP930C,,880000,5몰,
2751270,PCM UPS BLACK KNIGHT BNT-1000AP,,329800,1몰,
2785007,NCTOP MIRASOL LR1204 DC to DC 120W,,21850,36몰,
2841145,퍼스트큐브씨앤씨 First CUBE 620GX V2.3,,25290,18몰,
2865069,APC SURT1000RMXLI,,1304000,1몰,
2923215,셀텍 LR1108 150W Plug Type 파워어댑터 미포함,,23460,3몰,
2923217,셀텍 LR1108 150W Plug Type 60W 파워어댑터 포함,,36500,1몰,
2923220,셀텍 LR1108 150W Plug Type 72W 파워어댑터 포함,,48500,1몰,
2923222,셀텍 LR1108 150W Plug Type 102W 파워어댑터 포함,,48500,1몰,
2932261,AONE 600T KC,,27000,70몰,
2935745,AONE MICRO 500P KC,,26000,45몰,
2937225,BABEL Classic TFX450 V2.3 Blackbel Series,,25760,13몰,
2944698,AONE TFX-500P KC,,28500,64몰,
2950192,AONE Micro 450P-KC 벌크,,19000,33몰,
3071154,마이크로닉스 Performance II HV 850W Bronze,,153000,44몰,
3071195,마이크로닉스 Performance II HV 1000W Bronze,,196250,20몰,
3099460,AONE TFX-450P KC,,24000,65몰,
3171401,ares Akira 500BK Plus,,20330,11몰,
3171476,ares Akira 600AK Plus UP,,22470,17몰,
3182134,에너지옵티머스 Mach III 500K v2.3,,34320,66몰,
3188023,에너지옵티머스 Mach III 600K v2.3,,37070,78몰,
3196661,BABEL DOM 600EX V2.3 Silverbel Series,,29990,20몰,
3270285,APC SMC 2000i (Smart-UPS C 2000i),,1015000,16몰,
3270288,APC SMC 2000i-2U (Smart-UPS C 2000i-2U),,1400000,60몰,
3270340,APC SMC 3000i (Smart-UPS C 3000i),,1464000,18몰,
3270345,APC SMC 3000RMI-2U (Smart-UPS C 3000i-2U),,1863000,31몰,
3280043,FSP FSP300-60GHT,,57480,45몰,
3288945,SilverStone SST-SX500-LG 아이보라,,148460,4몰,
3351026,퍼스트큐브씨앤씨 MAX 500W V2.3,,30490,29몰,
3353742,SuperFlower SF-2000F14HP LEADEX PLATINUM,,665100,111몰,
3420611,WEED W600-ORIGIN REAL,,46200,2몰,
3426658,WEED W500-ORIGIN REAL,,30490,35몰,
3430588,Bestone SK-II 500S 벌크,,16360,32몰,
3430608,Bestone SK-II 500SA V2 벌크,,21880,39몰,
3430715,Bestone SK-II M500S 벌크,,21210,47몰,
3430746,Bestone SK-II 450TFX V2 벌크,,24900,40몰,
3550066,Bestone SK-II M500S,,22950,50몰,
3550119,Bestone SK-II 450TFX V2,,26990,44몰,
3550147,Bestone SK-II 500SA V2,,23810,36몰,
3565822,Bestone SK-II M500DM V2,,28390,54몰,
3565832,Bestone SK-II M500DM V2 벌크,,25930,49몰,
3593272,이도디스플레이 ICE-MAN TFX500W,,28990,34몰,
3610126,델타 N-1K,,486000,1몰,
3610155,델타 N-2K,,850000,1몰,
3610177,델타 N-3K,,1070000,1몰,
3838023,APC SMT2200I,,1282000,11몰,
3838071,APC SMT1000RMI 2U,,699000,16몰,
3838104,APC SMT2200RMI 2U,,1770000,19몰,
3838135,APC SMT1500RMI 2U,,912000,21몰,
3838175,APC SMT3000RMI 2U,,2263000,29몰,
3838232,APC SMT3000I,,1597000,21몰,
3838278,APC SMT750RMI 2U,,539000,21몰,
3838359,APC SMT750I,,450000,25몰,
3838409,APC SMT1000I,,527000,23몰,
3888244,APC SMT1500I,,740000,20몰,
4088785,SuperFlower SF-1600F14HT LEADEX 티타늄,,599000,1몰,
4186794,마이크로닉스 ZERO POWER 500W,,45900,70몰,
4229699,SilverStone SST-SX700-LPT 아이보라,,192370,24몰,
4237875,APC SRT5KXLI,,3500000,17몰,
4237917,APC SRT6KXLI,,5464000,12몰,
4237952,APC SRT8KXLI,,6568000,15몰,
4237990,APC SRT10KXLI,,7995000,7몰,
4401214,퍼스트큐브씨앤씨 First CUBE 450GM VALUE,,19720,40몰,
4447526,이도디스플레이 ICE-MAN PREMIUM 500W V2.3,,33000,21몰,
4451343,이도디스플레이 ICE-MAN 500L V2.2 KC,,15990,21몰,
4451345,이도디스플레이 ICE-MAN 500T PLUS V2.2 KC,,20990,19몰,
4451350,이도디스플레이 ICE-MAN 600TI V2.3 KC 벌크,,31011,26몰,
4451352,이도디스플레이 ICE-MAN M450W V2.2 KC 벌크,,20730,27몰,
4479358,SuperFlower SF-850F14MT LEADEX SILVER,,145000,1몰,
4545079,HOPELY 500RW V2.3 벌크,,29980,29몰,
4545328,HOPELY 600JB 벌크,,18350,32몰,
4801762,AONE STORM 500LF 더블포워드 V2.3,,33000,53몰,
4879239,AONE STORM 500LF 더블포워드 V2.3 벌크,,31000,63몰,
4884914,SilverStone Strider SFX ST45SF-V3 아이보라,,92320,47몰,
4897140,HOPELY 600A 벌크,,15260,32몰,
4909686,잘만 ZM750-ARX 80PLUS플래티넘,,179000,3몰,
4909709,잘만 ZM850-ARX 80PLUS플래티넘,,204760,91몰,
4909726,잘만 ZM1000-ARX 80PLUS플래티넘,,229000,12몰,
5045394,마이크로닉스 Performance II PV 500W 80PLUS브론즈 Surge 4K,,89000,32몰,
5045425,마이크로닉스 Performance II PV 600W 80PLUS브론즈 Surge 4K,,98000,13몰,
5045444,마이크로닉스 Performance II PV 700W 80PLUS브론즈 Surge 4K,,125000,25몰,
5168945,Antec NeoECO NE650C 80PLUS브론즈,,60000,1몰,
5181099,CORSAIR HX1200 80PLUS플래티넘,,280190,97몰,
5183457,PNC PARTNER ON_Power 600ST 벌크,,14880,1몰,
5186115,FSP Twins 500W ATX Redundant,,523000,5몰,
5213968,AONE STORM 600LF A-PFC,,38800,6몰,
5240215,+PLUS ATX GT-6000S 벌크,,17120,22몰,
5245834,써멀테이크 터프파워 그랜드 RGB 650W GOLD 풀모듈러,,149000,8몰,
5245870,써멀테이크 터프파워 그랜드 RGB 750W 골드 풀모듈러,,115000,1몰,
5282204,델타 GPS-850HB 80PLUS플래티넘,,186500,32몰,
5299474,CORSAIR CX750 NEW 80PLUS브론즈,,88670,1몰,
5311653,피닉스CNS 듀얼파워커넥터 ADD2PSU,,1900,2몰,
5405967,마이크로닉스 ZERO PLUS 600W Active PFC,,58800,72몰,
5466131,SilverStone Essential ST60F-ES230 600W 80PLUS스탠다드 아이보라,,55990,25몰,
5466156,SilverStone Essential ST70F-ES230 700W 80PLUS스탠다드 아이보라,,70040,26몰,
5467243,마이크로닉스 ZERO PLUS 500W Active PFC,,57000,68몰,
5488836,잘만 ZM1200-ARX 80PLUS플래티넘,,259000,7몰,
5520924,마이크로닉스 ASTRO GD 750W 80PLUS골드 풀모듈러 화이트,,156000,1몰,
5524355,CORSAIR RM850x 화이트 80PLUS골드,,200000,1몰,
5616649,BABEL Sense 500PB V2.3 Blackbel Series 벌크,,17070,26몰,
5651165,EATON 5P 1550G,,671000,27몰,
5651184,EATON 5P 1550GR1U,,910000,14몰,
5667836,GIGABYTE P650B 80PLUS브론즈 제이씨현,,60490,9몰,
5694746,NCTOP DC-DC GM-120 SH,,29000,3몰,
5697447,라이트컴 COMS 릴레이형 듀얼파워 커넥터 IE870,,5500,18몰,
5699929,APC SRT3000XLI,,3296000,13몰,
5699969,APC SRT96BP 외장 배터리,,1180000,11몰,
5700015,APC SRT2200XLI,,2345000,14몰,
5700025,APC SRT72BP 외장 배터리,,824000,10몰,
5700203,르그랑코리아 NIKY S3000,,810000,1몰,
5700700,APC SRT6KRMXLI,,5726200,1몰,
5701530,APC SRT96RMBP 외장 배터리,,1380000,1몰,
5701558,APC SRT3000RMXLI,,3496000,1몰,
5701584,APC SRT72RMBP 외장 배터리,,1024000,1몰,
5701614,APC SRT2200RMXLI,,2545000,1몰,
5701650,APC SRT5KRMXLI,,5220400,1몰,
5701682,APC SRT8KRMXLI,,6834600,1몰,
5701713,APC SRT10KRMXLI,,8273400,1몰,
5701772,APC SRT192BP2 외장 배터리,,1975000,12몰,
5701819,APC SRT192RMBP 외장 배터리,,2111000,2몰,
5701882,APC SRT192BP 외장 배터리,,1883000,8몰,
5724916,라이트컴 COMS 릴레이형 듀얼파워 커넥터 IE869,,5800,14몰,
5754746,PNC PARTNER EVEREST 1600AP,,145000,1몰,
5801817,르그랑코리아 NIKY S1500,,539000,1몰,
5801820,르그랑코리아 NIKY S1000,,432000,1몰,
5836532,EATON 5P 850GR1U,,515000,7몰,
5836566,EATON 5P 850G,,474000,22몰,
5840944,FSP HEXA 550W 80PLUS브론즈 프리볼트,,67980,24몰,
5840964,FSP HEXA 650W 80PLUS브론즈 프리볼트,,82980,34몰,
5868913,에너맥스 Platimax EPM1700EGT,,379000,60몰,
5870421,델타 UPS Agilon VX-1000VA,,180000,6몰,
5870432,델타 UPS Agilon VX-600VA,,105000,8몰,
5968537,에너맥스 Platimax D.F. EPF1050EWT 80PLUS플래티넘 풀모듈러,,239000,1몰,
5973034,EVGA 750 GQ 80PLUS골드,,98980,77몰,
6025468,셀텍 LR1010 DC to DC 180W 19V/4.74A 90W 어댑터 포함,,61000,1몰,
6025471,셀텍 LR1010 DC to DC 180W 19V/5.5A 105W 어댑터 포함,,62000,2몰,
6025473,셀텍 LR1010 DC to DC 180W 19V/9.5A 180W 어댑터 포함,,74520,3몰,
6040915,FSP Twins 700W ATX Redundant,,655000,2몰,
6047782,CORSAIR AX1600i 80PLUS티타늄,,741410,106몰,
6088467,PNC PARTNER EVEREST 2200AP 벌크,,249980,15몰,
6149322,쿨러마스터 MWE GOLD 650 풀모듈러,,129000,1몰,
6150908,Antec HCG 850W 80PLUS골드 풀모듈러,,209000,5몰,
6158670,잘만 GAMING 500W 벌크,,36500,1몰,
6158698,잘만 GAMING 600W 벌크,,40330,1몰,
6216861,잘만 EcoMax 500W,,34480,161몰,
6216877,잘만 EcoMax 600W,,42120,145몰,
6228385,마이크로닉스 ASTRO GD 650W 80PLUS골드 풀모듈러,,123500,1몰,
6255477,앱코 SUITMASTER Mighty 600W 80PLUS스탠다드 230V EU,,51490,14몰,
6255497,앱코 SUITMASTER Mighty 700W 80PLUS스탠다드 230V EU,,62590,14몰,
6290133,마이크로닉스 Compact SFX-L 700W 80PLUS플래티넘,,139000,150몰,
6298255,앱코 SUITMASTER Mighty 500W 80PLUS스탠다드 230V EU,,41330,14몰,
6324846,마이크로닉스 Compact SFX 450W 80PLUS브론즈,,95500,147몰,
6336184,NZXT E650 SMARTER 80PLUS골드 모듈러,,163900,39몰,
6338676,BABEL Sense 600PB V2.3 Blackbel Series 벌크,,19980,35몰,
6381666,이도디스플레이 ICE-MAN M500W V2.2 NEW,,27040,37몰,
6393776,BABEL Sense 500PB V2.3 Blackbel Series,,18000,11몰,
6426892,마이크로닉스 Compact SFX 400W 80PLUS브론즈,,80610,152몰,
6461849,마이크로닉스 ASTRO PLATINUM 850W 풀모듈러,,165000,73몰,
6461871,마이크로닉스 ASTRO PLATINUM 1050W 풀모듈러,,239000,67몰,
6517783,REX COOL SILENT HS1-600 NEW,,38560,22몰,
6537151,마이크로닉스 Performance II PV RGB Sync 600W 80PLUS브론즈,,98000,62몰,
6763879,BABEL BM-600VP Double Forward V2.31 Silverbel Series,,40320,19몰,
7017391,마이크로닉스 COOLMAX TAURUS 600W 80PLUS브론즈 230V EU,,62000,1몰,
7020658,스카이디지탈 파워스테이션5 PS5-500EV 80PLUS스탠다드,,44260,68몰,
7020736,스카이디지탈 파워스테이션5 PS5-600EV 80PLUS스탠다드,,54430,41몰,
7110289,CORSAIR SF750 80PLUS플래티넘,,258960,20몰,
7179223,SuperFlower SF-600R12ST MEGA 80PLUS스탠다드 230V EU,,61240,92몰,
7179316,SuperFlower SF-700R12ST MEGA 80PLUS스탠다드 230V EU,,77240,81몰,
7259221,쿨러마스터 GOLD V650 풀모듈러,,124820,39몰,
7259314,쿨러마스터 GOLD V750 풀모듈러,,151000,1몰,
7259731,쿨러마스터 PLATINUM V850 풀모듈러,,286500,42몰,
7259851,쿨러마스터 PLATINUM V1000 풀모듈러,,328990,39몰,
7259989,쿨러마스터 PLATINUM V1300 풀모듈러,,402000,58몰,
7260283,쿨러마스터 ATX 24핀 90도 어댑터 Capacitor,,22300,31몰,
7338562,ASUS ROG THOR 850P 80PLUS플래티넘,,299000,1몰,
7725250,에너지옵티머스 Thunderbolt S600 PRO,,15900,1몰,
7828099,PowerFul P-FUL PF600REAL 12VSD,,51690,13몰,
7834054,PowerFul P-FUL PF600PW V2.3 KC,,37390,14몰,
7932829,앱코 SUITMASTER ULTIMATE 1200W 80PLUS플래티넘,,194160,26몰,
8038282,앱코 SUITMASTER ULTIMATE 1200W RGB 80PLUS플래티넘,,195500,23몰,
8431077,마이크로닉스 Classic II 800W 80PLUS 230V EU,,95400,7몰,
8539694,마이크로닉스 ASTRO GD 650W 80PLUS골드 풀모듈러 화이트,,103500,4몰,
8621330,썬루트 700W 80PLUS스탠다드 230V EU 벌크,,54600,4몰,
8804528,맥스엘리트 MAXWELL GAMING PRO 500W 80PLUS스탠다드 플랫,,45500,3몰,
9243156,SuperFlower SF-750F14HG LEADEX III GOLD,,141800,1몰,
9247065,HOPELY 600MB KC NEW 벌크,,25370,28몰,
9326622,마이크로닉스 Classic II 750W 80PLUS브론즈 230V EU HDB,,87500,1몰,
9343239,SuperFlower SF-750F14HT LEADEX TITANIUM,,321410,68몰,
9343278,SuperFlower SF-850F14HT LEADEX TITANIUM,,385740,75몰,
9343317,SuperFlower SF-1000F14HT LEADEX TITANIUM,,419000,10몰,
9347682,시소닉 S1M-162CGP2 1600W 80PLUS플래티넘,,358700,67몰,
9367050,현대파워 PRIME 850K PLUS 벌크,,35000,42몰,
9367125,현대파워 PRIME 750K PLUS 벌크,,31000,37몰,
9367200,현대파워 PRIME SFX-600M 벌크,,18980,61몰,
9367224,현대파워 PRIME SFX-630M 벌크,,22880,58몰,
9367299,현대파워 PRIME TFX-500P 벌크,,21000,47몰,
9431322,AONE STORM 500W 80PLUS브론즈,,39000,48몰,
9431340,AONE STORM 500W 80PLUS브론즈 벌크,,36000,33몰,
9431433,AONE STORM 600W 80PLUS브론즈,,44000,78몰,
9431529,AONE STORM 700W 80PLUS브론즈,,59000,51몰,
9431586,AONE STORM 700K 80PLUS브론즈 벌크,,57000,44몰,
9431634,AONE STORM 800W 80PLUS브론즈,,58500,62몰,
9458883,SuperFlower SF-850F14RG LEADEX III ARGB GOLD,,237600,1몰,
9515841,시소닉 FOCUS GOLD GX-750 풀모듈러,,179000,9몰,
9515844,시소닉 FOCUS GOLD GX-850 풀모듈러,,218000,1몰,
9564675,시소닉 FOCUS GOLD GX-750 화이트 풀모듈러,,188000,1몰,
9647631,스카이디지탈 파워스테이션5 PS5-850RV 80PLUS골드 풀모듈러,,119700,65몰,
9668025,에너맥스 Platimax D.F. EPF850EWT 80PLUS플래티넘 풀모듈러,,172420,8몰,
9706125,현대파워 PRIME 600K 벌크,,14900,47몰,
9706182,현대파워 PRIME 620K 벌크,,16500,47몰,
9706308,현대파워 PRIME 650K 벌크,,24980,42몰,
9706407,현대파워 PRIME 700K 벌크,,28000,2몰,
9721512,써멀테이크 터프파워 iRGB PLUS 1200W PLATINUM,,375950,6몰,
9782097,시소닉 FOCUS GOLD GM-750 모듈러,,133000,7몰,
9789456,AONE STORM 600LF 벌크,,36734,34몰,
9791946,비콘즈 SPACE SP-700W 80PLUS스탠다드 벌크,,55800,4몰,
9817428,시소닉 PRIME GOLD GX-1000 풀모듈러,,338000,1몰,
9839895,에너지옵티머스 EXTREME 600W 벌크,,38860,1몰,
9910554,잘만 GigaMax 650W 80PLUS브론즈 230V EU,,72400,2몰,
9910572,잘만 GigaMax 750W 80PLUS브론즈 230V EU,,94600,1몰,
9978645,AONE STORM 500LF 벌크,,32000,49몰,
10054539,마이크로닉스 Performance II HV 850W 80PLUS브론즈 FDB,,153000,70몰,
10054617,마이크로닉스 Performance II HV 1000W 80PLUS브론즈 FDB,,199000,108몰,
10070130,GreatWall E650 FROZEN 80PLUS골드 모듈러,,103300,1몰,
10070199,GreatWall E750 FROZEN 80PLUS골드 모듈러,,112320,1몰,
10174137,잘만 MegaMax 500W 80PLUS스탠다드,,46900,106몰,
10174200,잘만 MegaMax 600W 80PLUS스탠다드,,53860,141몰,
10174248,잘만 MegaMax 700W 80PLUS스탠다드,,60840,103몰,
10268796,스카이디지탈 파워스테이션5 PS5-700EV 80PLUS스탠다드,,59810,55몰,
10345683,ABB코리아 UPS PowerValue 11 RT 1kVA B,,600000,1몰,
10345953,ABB코리아 UPS PowerValue 11 RT 2kVA B,,1210000,1몰,
10346019,ABB코리아 UPS PowerValue 11 RT 3kVA B,,1500000,1몰,
10346133,ABB코리아 UPS PowerValue 11RT G2 6 kVA,,6600000,1몰,
10346166,ABB코리아 UPS PowerValue 11RT G2 10 kVA,,7700000,1몰,
10346316,ABB코리아 UPS PowerValue 11T G2 1 kVA B,,464000,3몰,
10346379,ABB코리아 UPS PowerValue 11T G2 2 kVA B,,809000,3몰,
10346421,ABB코리아 UPS PowerValue 11T G2 3 kVA B,,960000,1몰,
10346451,ABB코리아 UPS PowerValue 11T G2 6 kVA B,,3100000,2몰,
10346469,ABB코리아 UPS PowerValue 11T G2 10 kVA B,,4100000,1몰,
10373682,AONE STORM 500LF,,36000,52몰,
10373727,AONE STORM 600LF,,42000,50몰,
10448835,시소닉 FOCUS GOLD GM-850 모듈러,,148200,147몰,
10497549,시소닉 PRIME GOLD GX-850 풀모듈러,,288000,2몰,
10506042,SuperFlower SF-850F14HG LEADEX III GOLD 화이트,,288900,1몰,
10546953,EVGA SUPERNOVA 1600G+ 80PLUS골드,,511070,1몰,
10550613,topower Guardian TOP-600DG Single Rail 80PLUS브론즈,,59000,36몰,
10550649,topower Guardian TOP-700DG Single Rail 80PLUS브론즈,,69000,43몰,
10557825,마이크로닉스 Performance II PV 500W 80PLUS브론즈 FDB,,88800,65몰,
10557888,마이크로닉스 Performance II PV 600W 80PLUS브론즈 FDB,,114000,66몰,
10557909,마이크로닉스 Performance II PV 700W 80PLUS브론즈 FDB,,135000,72몰,
10568034,잘만 WATTTERA 700W 80PLUS골드,,135960,42몰,
10568100,잘만 WATTTERA 800W 80PLUS골드,,159900,1몰,
10759575,마이크로닉스 Compact SFX 700W 80PLUS골드,,139000,29몰,
10811913,FSP FSP700-80PSA(SK) 벌크,,141990,20몰,
10812084,FSP FlexGURU 250W,,83990,33몰,
10831719,마이크로닉스 ASTRO GD 750W 80PLUS골드 풀모듈러 FDB,,132500,4몰,
10901664,마이크로닉스 Classic II 650W 80PLUS브론즈 230V EU HDB 핑크,,63850,93몰,
10901742,마이크로닉스 Classic II 750W 80PLUS브론즈 230V EU HDB 핑크,,72000,129몰,
10920675,Antec SIGNATURE 1000W TITANIUM,,451900,65몰,
10920798,Antec SIGNATURE 1300W PLATINUM,,449800,41몰,
11141700,KRAFT KOREA POWER MASTER PMK 11000,,75590,29몰,
11226927,마이크로닉스 Classic II 600W 80PLUS 230V EU 화이트,,99000,1몰,
11227005,마이크로닉스 Classic II 700W 80PLUS 230V EU 화이트,,94510,1몰,
11242917,시소닉 A12 STANDARD 230V EU SSR-700RA LLC,,83000,1몰,
11245893,AONE STORM 700K 80PLUS브론즈,,58000,19몰,
11247363,시소닉 A12 STANDARD 230V EU SSR-600RA LLC,,62000,18몰,
11292753,PNC PARTNER EVEREST 230W PLUS 벌크,,19800,1몰,
11292792,PNC PARTNER EVEREST 500W PLUS 벌크,,39340,2몰,
11292813,PNC PARTNER EVEREST 500K RGB 벌크,,49000,2몰,
11292834,PNC PARTNER EVEREST 600K RGB 벌크,,57400,2몰,
11294055,델타 GPS-1300CB 80PLUS플래티넘 풀모듈러,,359000,1몰,
11412288,AONE STORM 600W 80PLUS브론즈 벌크,,40500,71몰,
11569574,마이크로닉스 ASTRO GD 650W 80PLUS골드 풀모듈러 FDB 블랙,,124860,3몰,
11657477,델타 GPS-1000DB 80PLUS플래티넘 풀모듈러,,286200,40몰,
11685743,topower TOP-500S 12VSD DUAL POWER 벌크,,32000,41몰,
11691866,SuperFlower SF-500R12ST MEGA 80PLUS스탠다드 230V EU 벌크,,49500,1몰,
11720159,썬루트 TX750 80PLUS브론즈 230V EU 벌크,,49000,31몰,
11844925,마이크로닉스 ASTRO GD 750W 80PLUS골드 풀모듈러 FDB 화이트,,152040,3몰,
11925151,PNC PARTNER EVEREST 300W PLUS 블랙 벌크,,32060,2몰,
11941214,topower Guardian TOP-700DG Single Rail 80PLUS브론즈 화이트,,98000,2몰,
12023885,잘만 Wattbit II 400W,,37240,85몰,
12023939,잘만 Wattbit II 500W,,39600,47몰,
12023981,잘만 Wattbit II 600W,,45740,98몰,
12076481,마이크로닉스 COOLMAX VISION 600W HDB,,90000,1몰,
12076526,마이크로닉스 COOLMAX VISION 700W HDB,,100000,1몰,
12125519,topower TOP-600S 12VSD V2 벌크,,36000,43몰,
12170843,잘만 WATTTERA 1000W 80PLUS골드,,189000,9몰,
12170882,잘만 WATTTERA 1200W 80PLUS골드,,269360,5몰,
12223073,BABEL BM-700VP-F 700W 80PLUS브론즈 Blackbel Series,,59730,30몰,
12235556,쿨러마스터 GOLD V750 V2 블랙 풀모듈러,,138920,75몰,
12235604,쿨러마스터 GOLD V750 V2 화이트 풀모듈러,,149040,78몰,
12235745,쿨러마스터 GOLD V850 V2 화이트 풀모듈러,,231000,2몰,
12275048,티앤에스인터내셔널 NOX N-POWER 600W 80PLUS스탠다드 230V EU,,46000,1몰,
12288974,topower Guardian TOP-600DG Single Rail 80PLUS브론즈화이트,,63500,45몰,
12342704,PNC PARTNER EVEREST 1600AP 벌크,,108950,40몰,
12345542,스카이디지탈 파워스테이션5 PS5-500N,,35800,17몰,
12400607,쿨러마스터 MWE 500 BRONZE V2 230V,,58800,3몰,
12400646,쿨러마스터 MWE 600 BRONZE V2 230V,,63940,2몰,
12400844,쿨러마스터 MWE 750 BRONZE V2 230V,,98000,2몰,
12461447,잘만 Tager GAMING 600W 벌크,,41530,48몰,
12461492,잘만 Tager GAMING 500W 벌크,,36460,55몰,
12573677,쿨러마스터 V750 SFX GOLD,,231000,3몰,
12573746,쿨러마스터 V850 SFX GOLD,,190490,54몰,
12583295,AONE STORM 700W 80PLUS브론즈 벌크,,46000,63몰,
12610565,PNC PARTNER EVEREST 750W 80PLUS스탠다드 230V EU,,73360,2몰,
12665534,PNC PARTNER EVEREST 650W 80PLUS스탠다드 230V EU,,59900,3몰,
12676532,GIGABYTE P750GM 80PLUS골드 풀모듈러,,102600,1몰,
12690218,3RSYS AK 500S 80PLUS스탠다드 230V EU,,45000,88몰,
12690239,3RSYS AK 600S 80PLUS스탠다드 230V EU,,51420,88몰,
12690251,3RSYS AK 700S 80PLUS스탠다드 230V EU,,56500,84몰,
12717203,CORSAIR iCUE CX650F RGB 블랙,,158700,48몰,
12717227,CORSAIR iCUE CX650F RGB 화이트,,168000,48몰,
12723485,AONE STORM 800K 80PLUS브론즈 벌크,,67000,51몰,
12838997,3RSYS AK 800S 80PLUS스탠다드 230V EU,,66500,90몰,
12941177,시소닉 SSP-500ES2 80PLUS브론즈,,89000,1몰,
12941267,시소닉 SSP-600ES2 80PLUS브론즈,,129000,6몰,
13016834,르그랑코리아 DK Plus5000,,3465000,2몰,
13061924,마이크로닉스 Classic II 700W 80PLUS 230V EU 벌크,,74200,4몰,
13150373,topower Guardian TOP-900DG 80PLUS스탠다드,,89740,59몰,
13150403,topower Guardian TOP-900DG 80PLUS스탠다드 화이트,,94900,54몰,
13168653,MSI MPG A1000G 80PLUS골드 풀모듈러 ATX3.1,,199000,63몰,
13189397,제이씨현 TUNDRA PRO 600W FHB,,41400,13몰,
13340918,아이구주 ELPIS SP-500EL V2,,37320,4몰,
13369664,셀텍 LR1204 DC to DC 120W 12V/10A 120W 어댑터 포함,,47700,3몰,
13376144,셀텍 LR1108 150W Plug Type 120W 파워어댑터 포함,,50600,3몰,
13381670,APC SMT1500IC,,740000,25몰,
13455881,GIGABYTE P1000GM 80PLUS골드 풀모듈러,,172000,1몰,
13466708,ASUS TUF Gaming 750W 80PLUS브론즈,,137160,13몰,
13541231,KSTAR PRO2050,,91080,6몰,
13585271,마이크로닉스 COOLMAX FOCUS PRO 600W 80PLUS 230V EU,,50000,8몰,
13607063,LM2596S DC-DC,,660,14몰,
13854197,MSI MPG A750GF 80PLUS골드,,135800,3몰,
13950359,FSP FSP500-50FDB,,181580,48몰,
13951031,APC SRV3KI,,1122000,13몰,
13951292,르그랑코리아 KEOR SP1500,,320000,3몰,
14048135,Antec NeoECO 850W 80PLUS플래티넘 풀모듈러,,209000,1몰,
14104724,CORSAIR CV750 80PLUS브론즈,,103000,3몰,
14110970,PNC PARTNER EVEREST 750W 80PLUS스탠다드 230V EU 벌크,,49290,15몰,
14121053,EVGA SUPERNOVA 750 GA 80PLUS골드,,169400,2몰,
14209529,쿨러마스터 G800 GOLD,,99000,52몰,
14216270,스카이디지탈 파워스테이션5 PS5-800BR 80PLUS브론즈,,74500,6몰,
14217302,스카이디지탈 파워스테이션5 PS5-850SV 80PLUS실버,,91400,60몰,
14230463,제이씨현 TUNDRA PRO 700W FHB 80PLUS브론즈,,59000,27몰,
14380013,마이크로닉스 Classic II 600W 80PLUS 230V EU 중고,,36000,1몰,
14380028,마이크로닉스 Classic II 700W 80PLUS 230V EU (중고),,44160,2몰,
14397236,쿨러마스터 MWE GOLD 1250 V2 풀모듈러,,233000,26몰,
14601938,쿨러마스터 MWE GOLD 1050 V2 풀모듈러,,199000,1몰,
14621936,FSP FSP500-70AGB,,89990,43몰,
14630879,성주컴텍 SJ-N1600 벌크,,73100,40몰,
14677298,CORSAIR RM850 2021 80PLUS골드 화이트,,205000,5몰,
14705492,ANIX 듀얼파워 커넥터,,4390,14몰,
14724467,SuperFlower SF-750P14XE Legion GX PRO GOLD,,155120,2몰,
14729537,CORSAIR RM650 2021 80PLUS골드,,110400,62몰,
14735879,FSP HYPER K 600W 80PLUS스탠다드 230V EU 중고,,33120,2몰,
14736191,SuperFlower SF-650F14MT LEADEX SILVER (중고),,101000,1몰,
14738801,Antec NeoECO NE650C 80PLUS브론즈 중고,,102000,1몰,
14744363,AONE 태왕 TFX-450T KC 벌크,,21000,9몰,
14745368,Antec VP500P PLUS 80PLUS스탠다드 230V EU (중고),,41000,1몰,
14757272,EVGA SUPERNOVA 2000G+ 80PLUS골드,,690200,2몰,
14759639,AONE 500S KC (벌크),,15360,39몰,
14760116,FSP FSP600-50HPN (중고),,31000,1몰,
14763332,마이크로닉스 Classic II 풀체인지 600W 80PLUS 230V EU 벌크,,58300,5몰,
14790071,포게임 AK700 80PLUS브론즈 풀모듈러,,70000,2몰,
14808722,FSP ATX500-50HYN (중고),,17380,3몰,
14812226,FSP FSP500-50HPN (중고),,20000,1몰,
14814908,AONE 태왕 EP600L KC 벌크,,23000,66몰,
14816009,AONE 태왕 EP600 KC 벌크,,24500,12몰,
14901677,Antec CSK 650W 80PLUS브론즈,,71990,68몰,
14915009,CORSAIR RM1000x 2021 80PLUS골드,,293470,20몰,
14939270,마이크로닉스 Performance II 125 700W 80PLUS골드,,108000,55몰,
14989184,잘만 EcoMax 500W 중고,,20000,1몰,
14998259,잘만 EcoMax 700W,,45520,148몰,
15046403,마이크로닉스 Classic II 650W 80PLUS골드 230V EU,,179000,1몰,
15046910,마이크로닉스 Classic II 750W 80PLUS골드 230V EU,,143000,1몰,
15207521,AONE STORM 800W 80PLUS브론즈 벌크,,56000,49몰,
15208556,CORSAIR CV650 NEW,,105000,2몰,
15242033,FSP 750-50AAA 750W 80PLUS브론즈,,123600,1몰,
15257927,써멀테이크 터프파워 PF1 750W PLATINUM,,189000,17몰,
15258014,써멀테이크 터프파워 PF1 850W PLATINUM,,209000,16몰,
15266783,마이크로닉스 Classic II 1050W 80PLUS골드 230V EU 풀모듈러 화이트,,213500,23몰,
15268130,써멀테이크 터프파워 GF 750W GOLD,,95800,32몰,
15283025,MSI MAG A650BN 80PLUS브론즈,,62500,63몰,
15298397,SuperFlower SF-1000F14TP LEADEX V PRO PLATINUM 화이트,,314440,2몰,
15298862,SuperFlower SF-850F14TP LEADEX V PRO PLATINUM 블랙,,198680,45몰,
15315824,썬루트 EX1800 80PLUS브론즈 벌크,,139000,42몰,
15323429,+0asis Cool 600SB6P V2.3 벌크,,15900,40몰,
15362705,+0asis Cool 700GP V2.3 벌크,,31000,34몰,
15429287,Antec NeoECO 850W 화이트 80PLUS골드 풀모듈러,,217000,2몰,
15444635,BABEL BM-600VP PFC Double Forward Silverbel Series,,38750,20몰,
15493556,앱코 SUITMASTER AXE 600W (중고),,31000,1몰,
15533432,APC SMV 3000AI,,945000,15몰,
15660632,BABEL BM-600VP Double Forward V2.31 Silverbel Series 벌크,,42408,2몰,
15709028,삼성전자 PSD-350DHGB (중고),,21000,1몰,
15779807,에너지옵티머스 Mach III 500K v2.3 벌크,,31500,36몰,
15779888,에너지옵티머스 Mach III 600K v2.3 벌크,,34980,73몰,
15786305,잘만 MegaMax 800W 80PLUS스탠다드,,65920,122몰,
15904337,잘만 EcoMax 600W 중고,,31000,1몰,
15911549,마이크로닉스 Cyclone III 600W After Cooling 중고,,33120,2몰,
15925640,잘만 MegaMax 600W 80PLUS스탠다드 중고,,36000,1몰,
15925922,FSP HYPER K 500W 80PLUS스탠다드 230V EU 중고,,27000,1몰,
16000562,마이크로닉스 ASTRO GD 650W 80PLUS골드 풀모듈러 FDB 화이트,,104910,5몰,
16014875,ASUS ROG THOR 1000P2,,508000,27몰,
16026494,마이크로닉스 CE-350ST-H12S 벌크,,31000,51몰,
16026650,마이크로닉스 SG-400D12S 벌크,,39900,1몰,
16031996,PNC PARTNER EVEREST 900W PLUS 벌크,,85000,1몰,
16054367,ATUM HITMAN 1800W 벌크,,70440,63몰,
16054550,SuperFlower SF-850F14TP LEADEX V PRO PLATINUM 화이트,,208680,76몰,
16060109,앱코 XTREAM XT-750B 80PLUS스탠다드,,55000,35몰,
16079105,Antec CSK 750H 80PLUS브론즈 모듈러,,99900,31몰,
16079126,AONE 듀얼파워 커넥터 릴레이형,,4200,1몰,
16104014,FSP FSP400-60GHS(85) 중고,,31000,1몰,
16136465,FSP FSP2000-52AGPBI 80PLUS골드,,547000,49몰,
16136750,PNC PARTNER EVEREST 600K RGB 화이트,,59780,2몰,
16142033,에너지옵티머스 EOP-1800,,116200,6몰,
16142261,에너지옵티머스 Mach III 350K 벌크,,25000,39몰,
16142312,에너지옵티머스 S500 PRO 벌크,,14480,21몰,
16154060,PNC PARTNER EVEREST 650W 80PLUS스탠다드 230V EU 벌크,,63140,2몰,
16155944,마이크로닉스 Classic II 500W 80PLUS 230V EU 중고,,27000,1몰,
16200479,맥스엘리트 MAXWELL BARON 700W 80PLUS브론즈 플랫,,91480,1몰,
16200560,맥스엘리트 MAXWELL BARON 800W 80PLUS브론즈 플랫,,87000,113몰,
16265510,be quiet DARK POWER PRO 12 1200W 80PLUS티타늄,,773900,1몰,
16265594,be quiet DARK POWER PRO 12 1500W 80PLUS티타늄,,538990,62몰,
16273730,DEEPCOOL PQ1000M 80Plus골드 풀모듈러,,203990,50몰,
16282103,be quiet DARK POWER 12 750W 80PLUS티타늄,,268400,2몰,
16282301,be quiet DARK POWER 12 850W 80PLUS티타늄,,431330,1몰,
16290773,be quiet STRAIGHT POWER 11 750W 80PLUS플래티넘,,302820,2몰,
16290845,be quiet STRAIGHT POWER 11 850W 80PLUS플래티넘,,366240,2몰,
16290887,be quiet STRAIGHT POWER 11 1000W 80PLUS플래티넘,,359000,3몰,
16339793,ATEN OL1000HV,,825000,3몰,
16340303,ATEN OL1500HV,,990000,3몰,
16341254,ATEN OL2000HV,,1350000,2몰,
16342784,ATEN OL3000HV,,1850000,3몰,
16367276,쿨러마스터 M2000 80PLUS플래티넘 230V 풀모듈러,,635000,38몰,
16368917,GIGABYTE UD750GM 80PLUS골드 풀모듈러 제이씨현,,115000,1몰,
16369028,GIGABYTE UD850GM 80PLUS골드 풀모듈러 제이씨현,,112900,3몰,
16369616,GIGABYTE UD1000GM 80PLUS골드 풀모듈러 제이씨현,,143630,9몰,
16386194,ASUS ROG STRIX 850G 화이트 에디션 80PLUS골드 인텍앤컴퍼니,,248000,1몰,
16489511,리안리 SP750 80PLUS골드 화이트,,175860,101몰,
16490357,리안리 SP750 80PLUS골드 블랙,,183000,104몰,
16493285,오존컴퍼니 마이크로박스 DC to DC 200W 기본,어댑터별도,37000,18몰,
16493309,오존컴퍼니 마이크로박스 DC to DC 200W+19V 6.32A 120W,어댑터포함,65000,15몰,
16493324,오존컴퍼니 마이크로박스 DC to DC 200W+19.5V 7.7A 150W,어댑터포함,78000,11몰,
16505159,에너지옵티머스 EOP-2400,,143000,7몰,
16514312,마이크로닉스 듀얼 파워 커넥터 BTC,,3500,1몰,
16526492,MSI MPG A750GF 화이트 80PLUS골드,,145600,2몰,
16529360,FSP FSP1200-50ADB 80PLUS골드,,315980,56몰,
16566995,마이크로닉스 COOLMAX VISION II 500W,,44890,191몰,
16567067,마이크로닉스 COOLMAX VISION II 600W,,52500,133몰,
16567166,마이크로닉스 COOLMAX VISION II 700W,,64460,147몰,
16567229,마이크로닉스 COOLMAX VISION II 800W,,76500,140몰,
16729655,마이크로닉스 Compact TFX 400W 80Plus 230V EU,,69900,97몰,
16761410,GIGABYTE UD1000GM 80PLUS골드 풀모듈러 피씨디렉트,,158900,20몰,
16761431,GIGABYTE P650B 80PLUS브론즈 피씨디렉트,,62500,1몰,
16761773,GIGABYTE UD850GM 80PLUS골드 풀모듈러 피씨디렉트,,119990,25몰,
16772675,APC BX950MI-GR,,185000,53몰,
16772696,APC BX1200MI-GR,,229000,49몰,
16772720,APC BX1600MI-GR,,360000,45몰,
16778399,썬루트 TX850 80PLUS골드 풀모듈러,,79120,43몰,
16822223,FSP FSP450-50SAC,,100990,51몰,
16935488,잘만 TeraMax 750W 80PLUS골드 풀모듈러,,129000,80몰,
16939196,잘만 TeraMax 1200W 80PLUS골드 풀모듈러,,191000,1몰,
16965977,FSP FSP750-50ABA,,150990,52몰,
17004332,FSP FSP350-50FFB,,94330,54몰,
17004419,FSP FSP300-50FFB,,78350,53몰,
17006798,에너맥스 MARBLEBRON EMB750EWT 80PLUS브론즈 모듈러,,143000,1몰,
17051741,에너맥스 CYBERBRON ECB600AWT 80PLUS브론즈,,62400,2몰,
17052878,마이크로닉스 COOLMAX FOCUS II 800W ETA BRONZE,,84500,30몰,
17101994,맥스엘리트 MAXWELL COUNT 750W 80PLUS골드 풀모듈러 (본체+플랫슬림팩),,119000,16몰,
17102069,맥스엘리트 MAXWELL COUNT 750W 80PLUS골드 풀모듈러 (본체+플랫멀티팩),,128000,73몰,
17102117,맥스엘리트 MAXWELL COUNT 750W 80PLUS골드 풀모듈러 (본체+딥블랙),,158000,8몰,
17102183,맥스엘리트 MAXWELL COUNT 750W 80PLUS골드 풀모듈러 (본체+메탈그레이),,158000,78몰,
17103122,맥스엘리트 MAXWELL COUNT 850W 80PLUS골드 풀모듈러 (본체+플랫멀티팩),,139000,49몰,
17114906,썬루트 Mining 1800W,,130000,1몰,
17121881,잘만 MegaMax ET 500W 80PLUS스탠다드,,44950,123몰,
17122130,잘만 MegaMax ET 600W 80PLUS스탠다드,,47780,126몰,
17122220,잘만 MegaMax ET 700W 80PLUS스탠다드,,54370,129몰,
17144888,3RSYS TEAMMOST TM 750W 80PLUS브론즈 230V EU,,59000,6몰,
17145116,3RSYS TEAMMOST TM 1000W 80PLUS브론즈 230V EU,,105000,7몰,
17146169,AONE STORM 750W 80PLUS브론즈 벌크,,51000,68몰,
17210957,APC SMC1500IC,,526100,18몰,
17224202,APC SMT1000RMI2UC,,699000,17몰,
17260823,쿨러마스터 V750 SFX GOLD 화이트 에디션,,192470,76몰,
17293193,FSP FSP850-50FGPH3,,225770,50몰,
17337491,앱코 XPERT XP-600N,,38000,81몰,
17337602,앱코 XPERT XP-700N,,43500,92몰,
17441363,델타 GPS-850LB 80PLUS골드 풀모듈러,,165860,40몰,
17441513,델타 GPS-1000EB 80PLUS골드 풀모듈러,,219000,36몰,
17454815,CORSAIR HX1000i 2022 80PLUS플래티넘,,390000,2몰,
17455022,CORSAIR HX1500i 2022 80PLUS플래티넘,,560000,6몰,
17458148,델타 GPS-750HB 80PLUS골드 풀모듈러,,149000,1몰,
17499473,COX SECURE SC-600N,,37500,62몰,
17499527,COX SECURE SC-700N,,45080,17몰,
17515637,앱코 XPERT XP-500N,,32000,102몰,
17523305,포게임 PROMASTER PRO 700 BRONZE,,59500,6몰,
17523389,포게임 MAXMASTER MAX 750 GOLD,,79110,19몰,
17523467,포게임 MAXMASTER MAX 850 GOLD,,107800,2몰,
17523821,PNC PARTNER EVEREST 750W 화이트 80PLUS스탠다드 230V EU 벌크,,72100,2몰,
17526269,COX SECURE SC-500N,,31490,65몰,
17529902,한국이스트 EA901,,365000,3몰,
17529956,한국이스트 EA903,,1080000,3몰,
17538716,마이크로닉스 WIZMAX 750W 80PLUS골드,,99900,1몰,
17702204,에너지옵티머스 EXCEL FOCUS 1000W 80PLUS골드 풀모듈러,,111000,18몰,
17702240,앱코 ABKONCORE TN 850W GOLD 풀모듈러,,98880,1몰,
17730380,에너지옵티머스 EXCEL FOCUS 850W 80PLUS골드 풀모듈러,,109000,18몰,
17743583,CORSAIR RM750e,,169000,2몰,
17813960,CORSAIR RM1000e,,239000,1몰,
17869835,시소닉 PRIME TITANIUM TX-1600 풀모듈러,,770000,14몰,
17870045,시소닉 PRIME TITANIUM TX-1300 풀모듈러,,620000,1몰,
18005060,마이크로닉스 ASTRO II GD 1650W 80PLUS골드 풀모듈러 ATX3.0,,499000,108몰,
18087905,시소닉 B12 BRONZE BC-750,,109000,1몰,
18087920,시소닉 B12 BRONZE BC-850,,113000,97몰,
18087923,시소닉 B12 BRONZE BM-750 모듈러,,105000,95몰,
18087932,시소닉 B12 BRONZE BM-850 모듈러,,122500,89몰,
18087941,시소닉 G12 GOLD GC-750,,106000,100몰,
18087947,시소닉 G12 GOLD GC-850,,124000,14몰,
18087962,시소닉 G12 GOLD GM-750 모듈러,,114000,99몰,
18087968,시소닉 G12 GOLD GM-850 모듈러,,135000,110몰,
18146243,MSI MEG Ai1300P 80PLUS플래티넘 풀모듈러 ATX3.0,,365190,60몰,
18213719,AONE STORM 1000W 80PLUS브론즈,,79000,78몰,
18253073,DEEPCOOL PF700 80PLUS스탠다드 230V EU,,62990,24몰,
18307193,에너지옵티머스 EXCEL CLASSIC 500W 80PLUS브론즈 230V EU,,41990,71몰,
18307220,에너지옵티머스 EXCEL CLASSIC 600W 80PLUS브론즈 230V EU,,50390,48몰,
18307241,에너지옵티머스 EXCEL CLASSIC 700W 80PLUS브론즈 230V EU,,53430,68몰,
18307490,에너지옵티머스 EXCEL CLASSIC 800W 80PLUS브론즈 230V EU,,65500,43몰,
18307766,에너지옵티머스 EXCEL CLASSIC 700W 80PLUS브론즈 230V EU 풀모듈러,,60500,11몰,
18373064,현대파워 VEGA ST-500W 벌크,,31000,44몰,
18373133,현대파워 VEGA ST-600W 벌크,,35000,48몰,
18392996,이엠텍 레드빗 CRPS-2000W-1U 80PLUS플래티넘,,699000,52몰,
18419825,SuperFlower SF-1000F14PE LEADEX VI PRO PLATINUM,,215000,1몰,
18429605,쿨러마스터 MWE GOLD 1250-V2 ATX3.0,,198000,67몰,
18442058,MSI MPG A850G 80PLUS골드 풀모듈러 ATX3.0,,166500,80몰,
18503351,맥스엘리트 MAXWELL PRIMO 500W 80PLUS스탠다드 플랫,,47000,66몰,
18503426,맥스엘리트 MAXWELL PRIMO 600W 80PLUS스탠다드 플랫,,52500,62몰,
18503468,맥스엘리트 MAXWELL PRIMO 700W 80PLUS스탠다드 플랫,,62000,118몰,
18564248,잘만 ZM400-TFX 80PLUS스탠다드 230V EU,,59000,65몰,
18579509,이엠텍 레드빗 CRPS BPL,,367000,21몰,
18599003,ASUS TUF Gaming 750W GOLD,,188600,29몰,
18599078,ASUS TUF Gaming 850W GOLD,,204200,65몰,
18631820,CORSAIR RM850e,,176140,2몰,
18698078,시소닉 VERTEX GX-1000 GOLD 풀모듈러 ATX3.0,,400060,3몰,
18698087,시소닉 VERTEX GX-1200 GOLD 풀모듈러 ATX3.0,,379000,101몰,
18698132,3RSYS FORCE 500W,,38000,88몰,
18698168,3RSYS FORCE 600W,,41000,86몰,
18741254,마이크로닉스 WIZMAX 750W 80PLUS실버,,95900,3몰,
18741287,마이크로닉스 WIZMAX 850W 80PLUS실버,,115900,6몰,
18770219,FSP Twins PRO 500W ATX Redundant,,522990,35몰,
18826778,PNC PARTNER EVEREST 1600AP VER.S 벌크,,98950,17몰,
18851423,에너지옵티머스 EXCEL II 500W 80PLUS스탠다드 230V EU 벌크,,32980,80몰,
18851522,에너지옵티머스 EXCEL II 600W 80PLUS스탠다드 230V EU 벌크,,37970,77몰,
18871862,앱코 SETTLER-II ST-500S 80PLUS스탠다드,,37000,54몰,
18871952,앱코 SETTLER-II ST-600S 80PLUS스탠다드,,44000,16몰,
18872015,앱코 SETTLER-II ST-700S 80PLUS스탠다드,,48000,66몰,
18901058,맥스엘리트 MAXWELL DUKE 1000W 80PLUS플래티넘 풀모듈러 ATX3.0,,219000,17몰,
18936689,ASUS TUF Gaming 1000W GOLD,,261000,4몰,
18939278,GIGABYTE UD1000GM PG5 80PLUS골드 풀모듈러 ATX3.0 피씨디렉트,,172030,48몰,
19043699,CORSAIR RM1200x SHIFT 80PLUS골드 ATX3.0,,354020,64몰,
19067243,오존컴퍼니 마이크로박스 DC to DC 200W + 24V 5A 120W,어댑터 포함,65000,17몰,
19227146,SuperFlower SF-850F14PE LEADEX VI PRO PLATINUM PCIE5,,185000,9몰,
19240301,FSP HYDRO Ti PRO 1000W TITANIUM ATX3.0,,398900,35몰,
19266176,에너지옵티머스 EXCEL II 700W 80PLUS스탠다드 230V EU,,45990,102몰,
19266209,에너지옵티머스 EXCEL II 700W 80PLUS스탠다드 230V EU 벌크,,45970,77몰,
19281344,에너지옵티머스 EXCEL II 500W 80PLUS스탠다드 230V EU,,36450,98몰,
19281377,에너지옵티머스 EXCEL II 600W 80PLUS스탠다드 230V EU,,40100,73몰,
19451888,맥스엘리트 MAXWELL DUKE 1300W 80PLUS플래티넘 풀모듈러 ATX3.0,,295000,106몰,
19515974,FSP FSP2000-52AGPBI 80PLUS골드 타이안코리아,,510000,30몰,
19529672,CORSAIR RM850x SHIFT 80PLUS골드 ATX3.0,,229570,69몰,
19539929,GIGABYTE UD850GM PG5 80PLUS골드 풀모듈러 ATX3.0 피씨디렉트,,135000,21몰,
19548806,앱코 SETTLER-II ST-800S 80PLUS스탠다드,,53900,88몰,
19554956,topower TOP-500S 12VSD 벌크,,32000,41몰,
19555031,topower TOP-600S 12VSD 벌크,,36000,42몰,
19727639,CORSAIR RM750e ATX3.0,,159810,63몰,
19727942,CORSAIR RM850e ATX3.0,,169140,68몰,
19728059,CORSAIR RM1000e ATX3.0,,230480,27몰,
19743569,CORSAIR RM1000x SHIFT 80PLUS골드 ATX3.0,,307280,83몰,
19747445,써멀테이크 터프파워 GF3 1000W GOLD 풀모듈러 ATX3.0,,272000,21몰,
19749611,GIGABYTE UD850GM PG5 80PLUS골드 풀모듈러 ATX3.0 제이씨현,,159000,1몰,
19749797,GIGABYTE UD1000GM PG5 80PLUS골드 풀모듈러 ATX3.0 제이씨현,,221400,2몰,
19752935,써멀테이크 터프파워 GF3 1200W GOLD 풀모듈러 ATX3.0,,319000,23몰,
19779059,앱코 SETTLER-II ST-600B ETA BRONZE,,72990,3몰,
19779095,앱코 SETTLER-II ST-700B ETA BRONZE,,53360,1몰,
19806944,에너지옵티머스 EXCEL FOCUS 1000W 80PLUS골드 풀모듈러 ATX3.0,,128990,74몰,
19813763,darkFlash UPMOST 750W 80PLUS골드 풀모듈러 블랙,,117840,123몰,
19813847,darkFlash UPMOST 750W 80PLUS골드 풀모듈러 화이트,,123840,125몰,
19814000,darkFlash UPMOST 850W 80PLUS골드 풀모듈러 블랙,,144440,107몰,
19814027,darkFlash UPMOST 850W 80PLUS골드 풀모듈러 화이트,,147340,143몰,
19883954,CORSAIR HX1000i ATX3.0,,373110,64몰,
19884146,CORSAIR HX1500i ATX3.0,,558670,47몰,
19921292,SuperFlower SF-1000F14PE LEADEX VI PRO PLATINUM 화이트 PCIE5,,225000,10몰,
19953230,ASUS ROG LOKI SFX-L 750W PLATINUM,,296000,57몰,
19953449,ASUS ROG LOKI SFX-L 850W PLATINUM,,367000,58몰,
19953725,ASUS ROG LOKI SFX-L 1000W PLATINUM,,450000,54몰,
19961018,마이크로닉스 COOLMAX P-850W 80PLUS플래티넘 ATX3.0,,179000,134몰,
19961321,마이크로닉스 COOLMAX P-1050W 80PLUS플래티넘 ATX3.0,,219000,140몰,
19974494,CORSAIR SF850L ATX3.0,,248000,11몰,
19974908,CORSAIR SF1000L ATX3.0,,278970,30몰,
20009693,마이크로닉스 COOLMAX FOCUS II 900W ETA SILVER PCIE5,,98900,133몰,
20010002,마이크로닉스 COOLMAX FOCUS II 800W ETA BRONZE PCIE5.1,,84500,97몰,
20010086,마이크로닉스 COOLMAX FOCUS II 700W ETA BRONZE PCIE5.1,,72500,109몰,
20049668,ASUS ROG STRIX 750W GOLD Aura Edition,,308000,58몰,
20049734,ASUS ROG STRIX 850W GOLD Aura Edition,,320000,53몰,
20057756,SuperFlower SF-1000F14XG LEADEX VII GOLD ATX3.1,,206980,94몰,
20057990,SuperFlower SF-850F14XG LEADEX VII GOLD ATX3.1,,178790,99몰,
20237495,SuperFlower SF-1000F14XG LEADEX VII GOLD 화이트 ATX3.1,,219000,12몰,
20237516,SuperFlower SF-850F14XG LEADEX VII GOLD 화이트 ATX3.1,,188670,71몰,
20275859,SuperFlower SF-1300F14XG LEADEX VII GOLD ATX3.1,,256550,91몰,
20311550,중앙시스템 PowerStone PM 400W 80PLUS브론즈,,73990,14몰,
20315651,SuperFlower SF-850F14HG LEADEX III GOLD 블랙 PCIE5,,175560,7몰,
20315813,SuperFlower SF-850F14HG LEADEX III GOLD 화이트 PCIE5,,168000,8몰,
20358167,TAGER JN600W GAMING,,37900,2몰,
20358194,TAGER JN700W EXTREME 80PLUS브론즈 벌크,,47200,1몰,
20358221,TAGER JN700W EXTREME 80PLUS브론즈,,48300,1몰,
20358266,TAGER JN650K 벌크,,25900,26몰,
20358308,TAGER JN630K 벌크,,19900,20몰,
20358353,TAGER JN600K 벌크,,17900,20몰,
20507534,NEWZEN SKULL 1000XM ATX3.0 80PLUS골드,,196500,55몰,
20569127,DEEPCOOL PX1200G 80PLUS골드 풀모듈러 ATX3.0,,203500,52몰,
20569130,DEEPCOOL PX1000G 80PLUS골드 풀모듈러 ATX3.0,,235390,55몰,
20612570,델타 R-1K,,479000,6몰,
20612702,델타 R-2K,,1105000,2몰,
20612789,델타 R-3K,,1380000,3몰,
20613125,델타 RT-5K,,4300000,1몰,
20615300,SuperFlower SF-1300F14XG LEADEX VII GOLD 화이트 ATX3.1,,264360,89몰,
20628080,마이크로닉스 WIZMAX 750W 80PLUS실버 ATX3.0,,95760,30몰,
20628194,마이크로닉스 WIZMAX 850W 80PLUS실버 ATX3.0,,115900,35몰,
20635220,AONE STORM 700LF,,49000,96몰,
20662217,잘만 TeraMax II 750W 80PLUS골드 풀모듈러 블랙 ATX3.0,,146290,85몰,
20662292,잘만 TeraMax II 750W 80PLUS골드 풀모듈러 화이트 ATX3.0,,149300,107몰,
20662490,잘만 TeraMax II 850W 80PLUS골드 풀모듈러 블랙 ATX3.0,,150200,106몰,
20662529,잘만 TeraMax II 850W 80PLUS골드 풀모듈러 화이트 ATX3.0,,159120,112몰,
20662874,잘만 TeraMax II 1000W 80PLUS골드 풀모듈러 블랙 ATX3.0,,171790,130몰,
20662922,잘만 TeraMax II 1000W 80PLUS골드 풀모듈러 화이트 ATX3.0,,176750,114몰,
20663186,잘만 TeraMax II 1200W 80PLUS골드 풀모듈러 블랙 ATX3.0,,189020,119몰,
20663225,잘만 TeraMax II 1200W 80PLUS골드 풀모듈러 화이트 ATX3.0,,197930,113몰,
20709257,darkFlash UPMOST 850W 80PLUS골드 풀모듈러 ATX3.0 블랙,,165000,32몰,
20709380,darkFlash UPMOST 850W 80PLUS골드 풀모듈러 ATX3.0 화이트,,167840,117몰,
21193484,시소닉 PRIME TITANIUM TX-1300 풀모듈러 ATX3.0,,760000,5몰,
21206702,MSI MAG A850GL 80PLUS골드 풀모듈러 ATX3.0,,139000,122몰,
21206882,MSI MAG A750GL 80PLUS골드 풀모듈러 ATX3.0,,118220,125몰,
21208667,MSI MAG A650GL 80PLUS골드 풀모듈러,,88150,82몰,
21483242,제이씨현 TUNDRA 리부트 500W FHB 80+ BRONZE,,39590,65몰,
21483341,제이씨현 TUNDRA 리부트 600W FHB 80+ BRONZE,,48890,43몰,
21506708,ASUS ROG STRIX 1200W GOLD Aura Edition,,419450,1몰,
21547862,darkFlash UPMOST 1050W 80PLUS골드 풀모듈러 ATX3.0 블랙,,180240,119몰,
21547892,darkFlash UPMOST 1050W 80PLUS골드 풀모듈러 ATX3.0 화이트,,183540,117몰,
21587054,Antec NeoECO 1000W 80PLUS골드 풀모듈러 ATX3.0,,236990,88몰,
21587153,Antec NeoECO 1300W 80PLUS골드 풀모듈러 ATX3.0,,286990,83몰,
21595763,MaxCool 600 LIGHT,,17000,20몰,
21651302,darkFlash SAVEMOST 500W 블랙,,36750,96몰,
21651443,darkFlash SAVEMOST 600W 블랙,,40910,120몰,
21651530,darkFlash SAVEMOST 700W 블랙,,49280,124몰,
21688382,GIGABYTE UD1300GM PG5 80PLUS골드 풀모듈러 ATX3.0 피씨디렉트,,307320,29몰,
22079534,쿨러마스터 V850 SFX 골드 ATX3.0,,227000,5몰,
22079648,쿨러마스터 V850 SFX 골드 ATX3.0 화이트,,322000,2몰,
23573519,앱코 ULTIMATE GX850 80PLUS골드 풀모듈러 ATX3.0 블랙,,149000,96몰,
23575055,앱코 ULTIMATE GX850 80PLUS골드 풀모듈러 ATX3.0 화이트,,149000,92몰,
23785619,쿨러마스터 V1100 SFX PLATINUM ATX3.0,,417500,72몰,
23792255,쿨러마스터 V1300 SFX PLATINUM ATX3.0,,422000,74몰,
24713456,NEWZEN SKULL 850SM 모듈러 ATX3.0 80PLUS골드,,131980,78몰,
24713753,NEWZEN SKULL 850SM 모듈러 ATX3.0 80PLUS골드 화이트,,143690,73몰,
24713768,셀텍 LR1204 DC to DC 150W 어댑터 미포함,,20050,3몰,
24713822,셀텍 LR1204 DC to DC 150W 12V/5A 60W 어댑터 포함,,32010,3몰,
24713831,셀텍 LR1204 DC to DC 150W 12V/8.5A 102W 어댑터 포함,,42130,3몰,
24713837,셀텍 LR1204 DC to DC 150W 12V/10A 120W 어댑터 포함,,47650,4몰,
24713849,셀텍 LR1204 DC to DC 150W 12V/12.5A 150W 어댑터 포함,,59610,3몰,
24714023,NEWZEN SKULL 750SM 모듈러 ATX3.0 80PLUS골드,,119000,25몰,
24714137,NEWZEN SKULL 750SM 모듈러 ATX3.0 80PLUS골드 화이트,,129000,25몰,
25098770,Antec NeoECO 850W 80PLUS골드 풀모듈러 ATX3.0,,307400,2몰,
27482198,써멀테이크 터프파워 GF3 1650W GOLD 풀모듈러 ATX3.0,,459290,28몰,
27527396,Antec NeoECO 1000W 화이트 80PLUS골드 풀모듈러 ATX3.0,,246000,77몰,
27602531,맥스엘리트 MAXWELL DUKE 1000W 80PLUS플래티넘 풀모듈러 ATX3.0 화이트,,254500,4몰,
27602564,맥스엘리트 MAXWELL DUKE 1300W 80PLUS플래티넘 풀모듈러 ATX3.0 화이트,,307000,15몰,
27608465,에너맥스 REVOLUTION ATX3.0 ERA1000EWT 80PLUS골드 풀모듈러,,249000,80몰,
27611285,에너맥스 REVOLUTION ATX3.0 ERA1200EWT 80PLUS골드 풀모듈러,,279000,25몰,
27662210,ASUS PRIME 750W GOLD 대원씨티에스,,129720,83몰,
27941540,darkFlash SAVEMOST 600W 80PLUS스탠다드,,52640,107몰,
27941621,darkFlash SAVEMOST 700W 80PLUS스탠다드,,61450,92몰,
27942059,마이크로닉스 ASTRO II PT 850W 80PLUS플래티넘 풀모듈러 ATX3.0,,219000,150몰,
27942170,마이크로닉스 ASTRO II PT 1000W 80PLUS플래티넘 풀모듈러 ATX3.0,,258960,145몰,
28026224,이도디스플레이 ICE-MAN 750W 80PLUS브론즈 230V EU,,65790,14몰,
28245617,쿨러마스터 GX III GOLD 850 ATX3.0,,174740,68몰,
28245941,쿨러마스터 GX II GOLD 850 ATX3.0,,137500,94몰,
28246184,쿨러마스터 GX II GOLD 750 ATX3.0,,116380,93몰,
28246559,쿨러마스터 MWE GOLD 1050 V2 ATX3.0,,178000,77몰,
28416680,시소닉 NEW FOCUS GX-750 GOLD 풀모듈러 ATX3.0,,179000,102몰,
28416773,시소닉 NEW FOCUS GX-850 GOLD 풀모듈러 ATX3.0,,323000,2몰,
28549583,마이크로닉스 COOLMAX FOCUS II 500W ETA BRONZE,,47800,159몰,
28577711,ASUS PRIME 850W GOLD 대원씨티에스 벌크,,169000,1몰,
28607720,MSI MPG A750G 80PLUS골드 풀모듈러 ATX3.0,,127590,53몰,
28607840,MSI MAG A850GL 화이트 80PLUS골드 풀모듈러 ATX3.0,,149000,116몰,
28802945,be quiet DARK POWER PRO 13 1300W 80PLUS티타늄,,749990,47몰,
28803080,be quiet DARK POWER PRO 13 1600W 80PLUS티타늄,,803000,24몰,
28803386,be quiet STRAIGHT POWER 12 1000W 80PLUS플래티넘,,355490,71몰,
28803602,be quiet STRAIGHT POWER 12 1200W 80PLUS플래티넘,,411590,69몰,
28803701,be quiet STRAIGHT POWER 12 1500W 80PLUS플래티넘,,475300,91몰,
28803917,FSP Twins PRO 700W ATX Redundant,,654990,18몰,
28832762,마이크로닉스 WIZMAX 750W 80PLUS골드 ATX3.0,,99900,2몰,
28832915,마이크로닉스 WIZMAX 850W 80PLUS골드 ATX3.0,,142500,1몰,
28922603,시소닉 VERTEX PX-850 PLATINUM 풀모듈러 ATX3.0,,359000,34몰,
29082194,마이크로닉스 CASLON M 750W 80PLUS실버 모듈러 ATX3.0,,89000,149몰,
29084696,마이크로닉스 CASLON M 850W 80PLUS실버 모듈러 ATX3.0,,104900,147몰,
29340080,darkFlash UPMOST 1250W 80PLUS골드 풀모듈러 ATX3.0 블랙,,193440,124몰,
29340092,darkFlash UPMOST 1250W 80PLUS골드 풀모듈러 ATX3.0 화이트,,199540,123몰,
29490029,맥스엘리트 MAXWELL COUNT 850W 80PLUS골드 풀모듈러 ATX3.0,,190400,2몰,
29615753,잘만 GigaMax III 750W 80PLUS브론즈 모듈러 ATX3.1,,74200,112몰,
29615807,잘만 GigaMax III 850W 80PLUS브론즈 모듈러 ATX3.1,,88200,139몰,
29956388,PNC PARTNER EVEREST ECO AFTER 1100AP RGB MODULE,,146280,64몰,
30121301,CORSAIR CX Series CX750,,83980,100몰,
30121373,CORSAIR CX Series CX650,,75990,31몰,
30230108,에너지옵티머스 EXTREME 500W 벌크,,34000,20몰,
30255296,몬스타 가츠 ExtremeX FX600 80PLUS스탠다드,,41900,22몰,
30267548,몬스타 가츠 ExtremeX FX700 80PLUS스탠다드,,43420,136몰,
30273785,몬스타 가츠 ExtremeX FX800 80PLUS스탠다드,,49650,123몰,
30308831,셀텍 LR1010 DC to DC 180W 19V/6.32A 120W 어댑터 포함,,66000,3몰,
30349685,맥스엘리트 MAXWELL COUNT 850W 80PLUS골드 풀모듈러 ATX3.1,,159000,130몰,
30611999,MSI MAG A600DN 80PLUS스탠다드,,49000,45몰,
30612056,MSI MAG A500DN 80PLUS스탠다드,,44000,113몰,
31092083,델타 GPS-1100AB 1100W PLATINUM 풀모듈러 ATX3.0,,329000,45몰,
31169711,델타 GPS-1300DB 1300W PLATINUM 풀모듈러 ATX3.0,,379000,47몰,
31262300,쿨러마스터 GX III GOLD 1250 풀모듈러 ATX3.0,,251580,82몰,
31262567,쿨러마스터 GX III GOLD 1050 풀모듈러 ATX3.0,,229000,80몰,
31285949,맥스엘리트 MAXWELL DUKE 1000W 80PLUS플래티넘 풀모듈러 ATX3.1,,235000,104몰,
31338233,몬스타 가츠 ExtremeX FX500 80PLUS스탠다드,,34760,100몰,
31338515,GSI DOHICH MT-450 MICRO,,26490,2몰,
31339214,GSI DOHICH 700W PLUS,,44930,78몰,
31344470,GSI DOHICH VT-500 PLUS 벌크,,18050,50몰,
31344824,GSI DOHICH PREMIUM 500W,,32200,80몰,
31345106,GSI DOHICH PREMIUM 600W,,36700,78몰,
31392236,맥스엘리트 MAXWELL KNIGHT 700W 80PLUS브론즈,,69000,119몰,
31392374,맥스엘리트 MAXWELL KNIGHT 800W 80PLUS브론즈,,79000,133몰,
31459229,AcBEL R1CA2801A 800W 80PLUS플래티넘,,285790,46몰,
31996193,잘만 GigaMax III 650W 80PLUS브론즈 모듈러 ATX3.1,,64850,106몰,
32036993,AONE STORM SFX 300LF,,32000,94몰,
32037200,AONE MICRO 600P,,32000,78몰,
32037836,SuperFlower SF-850F14XP LEADEX VII PRO PLATINUM 블랙 ATX3.1,,206580,90몰,
32037950,SuperFlower SF-1000F14XP LEADEX VII PRO PLATINUM 블랙 ATX3.1,,246050,96몰,
32038043,SuperFlower SF-1200F14XP LEADEX VII PRO PLATINUM 블랙 ATX3.1,,286150,98몰,
32488520,현대파워 PRIME SFX-650M 벌크,,29490,54몰,
32849117,PNC PARTNER EVEREST N 500W PLUS,,33900,5몰,
32849147,PNC PARTNER EVEREST N 600W PLUS,,37890,11몰,
33059297,GIGABYTE P650G 80PLUS골드 피씨디렉트,,72990,19몰,
33386042,마이크로닉스 ASTRO II PT 1300W 80PLUS플래티넘 풀모듈러 ATX3.1,,309000,127몰,
33386915,PNC PARTNER EVEREST 900W ATX3.0,,89000,3몰,
33432917,PNC PARTNER EVEREST N 500W PLUS 벌크,,32900,2몰,
33483425,PowerFul P-FUL AW600 벌크,,15650,44몰,
33483455,Bestone SK-500SA 벌크,,22000,26몰,
33483470,HOPELY 600JB LIGHT 벌크,,15870,61몰,
33483494,+0asis 600SB 벌크,,15990,20몰,
34372109,GIGABYTE P650G 80PLUS골드 제이씨현,,69000,16몰,
34390208,BABEL Sense 500PB V2.3 Series,,17870,22몰,
34811057,포게임 ECOMASTER ECO 650 80PLUS스탠다드,,51000,1몰,
34811093,포게임 ECOMASTER ECO 750 80PLUS스탠다드,,56000,19몰,
34811156,포게임 ECOMASTER ECO PLUS 900 ATX3.0,,68000,9몰,
34812935,PNC PARTNER EVEREST 2200AP PCIE5,,256000,17몰,
34813202,PNC PARTNER EVEREST 1600AP PCIE5,,155000,18몰,
35223218,마이크로닉스 WIZMAX 1200W 80PLUS플래티넘 풀모듈러 ATX3.1,,453800,1몰,
36708941,에너맥스 REVOLUTION D.F. 2 ERS850EWT 80PLUS골드 풀모듈러 ATX3.0,,173280,1몰,
36709001,에너맥스 REVOLUTION D.F. X ERT850EWT 80PLUS골드 풀모듈러 ATX3.0,,137080,94몰,
36835277,CORSAIR HX1200i ATX3.0,,378980,98몰,
38450186,PNC PARTNER EVEREST 1600AP PCIE5 벌크,,155000,14몰,
38450192,PNC PARTNER EVEREST 2200AP PCIE5 벌크,,193600,17몰,
38450195,PNC PARTNER EVEREST 900W ATX3.0 벌크,,77900,25몰,
39103484,몬스타 가츠 ExtremeX FX700 80PLUS스탠다드 화이트,,43790,81몰,
39103550,몬스타 가츠 ExtremeX FX800 80PLUS스탠다드 화이트,,55010,102몰,
39253877,썬루트 PN800W 80PLUS브론즈 ATX3.0,,58870,72몰,
39253910,썬루트 PN800W 80PLUS브론즈 ATX3.0 벌크,,57000,73몰,
39912728,AONE 시그니처 750W 80PLUS브론즈 풀모듈러 ATX3.1,,75000,121몰,
39912734,AONE 시그니처 750W 80PLUS브론즈 풀모듈러 베이직 ATX3.1,,65000,115몰,
39912761,AONE 시그니처 850W 80PLUS브론즈 풀모듈러 ATX3.1,,85000,110몰,
39912767,AONE 시그니처 850W 80PLUS브론즈 풀모듈러 베이직 ATX3.1,,75000,102몰,
39912800,AONE 시그니처 1000W 80PLUS브론즈 풀모듈러 ATX3.1,,95000,116몰,
39912806,AONE 시그니처 1000W 80PLUS브론즈 풀모듈러 베이직 ATX3.1,,78200,103몰,
42390740,CORSAIR RM1200x SHIFT 80PLUS골드 ATX3.0 화이트,,353980,113몰,
42390800,CORSAIR RM1000x SHIFT 80PLUS골드 ATX3.0 화이트,,307280,117몰,
42390914,CORSAIR RM850x SHIFT 80PLUS골드 ATX3.0 화이트,,238900,110몰,
42391091,CORSAIR RM750x SHIFT 80PLUS골드 ATX3.0 화이트,,189460,114몰,
42861392,MSI MAG A750BN 80PLUS브론즈 PCIE5,,82000,103몰,
42861437,MSI MAG A650BNL 80PLUS브론즈,,61000,83몰,
43619150,제이씨현 TUNDRA 리부트 700W FHB 80+ BRONZE,,59350,50몰,
44415422,APC SMC1000IC,,395100,27몰,
44415785,APC BVX1200LI-GR,,227000,24몰,
44415971,APC SMV1000I,,347000,23몰,
44416040,APC SMV2000AI,,667250,24몰,
44906339,마이크로닉스 Classic II 풀체인지 700W 80PLUS브론즈 ATX3.1 화이트,,87900,211몰,
44906423,SilverStone HELA 2050R Platinum ATX3.1 마이크로닉스,,727260,73몰,
45315014,MSI MAG A550BNL 80PLUS브론즈,,49000,104몰,
45997400,APC BVX700LUI-GR,,160000,28몰,
46098851,에너맥스 Cyberbron 2 ECS700B 80PLUS브론즈,,60600,60몰,
46098878,에너맥스 Cyberbron 2 ECS600B 80PLUS브론즈,,56010,91몰,
46888478,마이크로닉스 Classic II 풀체인지 600W 80PLUS브론즈 ATX3.1 화이트,,67000,182몰,
47487848,마이크로닉스 Classic II 850W 80PLUS골드 풀모듈러 ATX3.1 화이트,,177000,178몰,
47843792,Segotep GM750W 80PLUS골드 풀모듈러 ATX3.1 블랙,,104990,88몰,
47843813,Segotep GM750W 80PLUS골드 풀모듈러 ATX3.1 화이트,,119990,93몰,
47843861,Segotep GM850W 80PLUS골드 풀모듈러 ATX3.1 블랙,,114990,66몰,
47843882,Segotep GM850W 80PLUS골드 풀모듈러 ATX3.1 화이트,,121990,80몰,
47843912,Segotep GM1000W 80PLUS골드 풀모듈러 ATX3.1 블랙,,147450,96몰,
47843963,Segotep GM1000W 80PLUS골드 풀모듈러 ATX3.1 화이트,,169900,97몰,
47844002,Segotep GM1250W 80PLUS골드 풀모듈러 ATX3.1 블랙,,158990,89몰,
47844026,Segotep GM1250W 80PLUS골드 풀모듈러 ATX3.1 화이트,,173980,99몰,
48000449,APC SRV3KRI,,1122000,18몰,
48000539,APC SRV1KRI,,509000,17몰,
48000557,APC SRV2KRI,,931000,25몰,
48000572,APC SRV6KRI,,3178000,23몰,
48000590,APC SRV10KRI,,4254000,21몰,
48001577,KSTAR HP910C (RM),,450000,5몰,
48023720,APC SMT1000IC,,507000,31몰,
48394889,PNC PARTNER EVEREST N 750W PLUS 벌크,,66930,1몰,
48394913,PNC PARTNER EVEREST N 750W PLUS,,58900,1몰,
48394967,PNC PARTNER EVEREST N 900W V3.0,,89090,2몰,
48394979,PNC PARTNER EVEREST N 900W V3.0 벌크,,104760,1몰,
48479426,르그랑코리아 KEOR SP1000,,280000,3몰,
48479705,르그랑코리아 KEOR SP600,,128800,12몰,
49081385,SuperFlower SF-1000F14XP LEADEX VII PRO PLATINUM 화이트 ATX3.1,,256570,110몰,
49091162,SuperFlower SF-1200F14XP LEADEX VII PRO PLATINUM 화이트 ATX3.1,,296060,103몰,
49601795,잘만 DecaMax 500W 80PLUS스탠다드,,42000,118몰,
49609028,잘만 DecaMax 600W 80PLUS스탠다드,,45950,131몰,
49617173,잘만 DecaMax 700W 80PLUS스탠다드,,51580,131몰,
49642352,마이크로닉스 Classic II 풀체인지 500W 80PLUS브론즈 ATX3.1,,54500,212몰,
49642652,마이크로닉스 Classic II 풀체인지 600W 80PLUS브론즈 ATX3.1,,62500,243몰,
49642700,마이크로닉스 Classic II 풀체인지 700W 80PLUS브론즈 ATX3.1,,83900,240몰,
49642751,마이크로닉스 Classic II 풀체인지 800W 80PLUS브론즈 ATX3.1,,99900,232몰,
49741892,앱코 SETTLER 하이브리드 PCIE5.1 STH-700B ETA BRONZE 블랙,,60000,116몰,
49742012,앱코 SETTLER 하이브리드 PCIE5.1 STH-700B ETA BRONZE 화이트,,65000,109몰,
49742117,앱코 SETTLER 하이브리드 PCIE5.1 STH-800B ETA BRONZE 블랙,,69000,26몰,
49742132,앱코 SETTLER 하이브리드 PCIE5.1 STH-800B ETA BRONZE 화이트,,75000,107몰,
49998053,EATON 5A1200I-DIN-K,,232000,13몰,
49998137,EATON 5A700I-DIN-K,,131560,16몰,
49998230,EATON 5A1500I-DIN-K,,269000,13몰,
49998287,EATON 5A2200I-DIN-K,,335000,10몰,
49998608,EATON 5E 2000i USB,,372000,1몰,
50124029,마이크로닉스 Classic II 풀체인지 800W 80PLUS브론즈 ATX3.1 화이트,,103900,177몰,
51815078,마이크로닉스 Classic II 850W 80PLUS골드 풀모듈러 ATX3.1,,169000,185몰,
51817283,마이크로닉스 COOLMAX FOCUS II 600W ETA BRONZE,,55000,133몰,
52061984,한국이스트 EA902,,710000,6몰,
52062020,한국이스트 EA901RM,,420000,7몰,
52062032,한국이스트 EA902RM,,880000,3몰,
52062047,한국이스트 EA903RM,,1180000,6몰,
54314609,마이크로닉스 Classic II 750W 80PLUS골드 풀모듈러 ATX3.1 화이트,,146000,162몰,
54814202,쿨러마스터 MWE 브론즈 750 V3 230V ATX3.1,,82000,86몰,
54814346,쿨러마스터 MWE 브론즈 650 V3 230V ATX3.1,,60250,91몰,
54814436,쿨러마스터 MWE 브론즈 550 V3 230V ATX3.1,,52720,85몰,
54959051,AONE STORM 750W 80PLUS브론즈 플랫,,61000,88몰,
55457975,에너지옵티머스 EXCEL II 700W 80PLUS스탠다드 230V EU 화이트,,59570,102몰,
55795079,SuperFlower SF-850F14XP LEADEX VII PRO PLATINUM 화이트 ATX3.1,,211270,97몰,
56140376,에너맥스 MARBLEBRON EMB650AWT 80PLUS브론즈 모듈러,,114000,1몰,
58026038,에너지옵티머스 EXCEL II 700W 80PLUS스탠다드 230V EU 화이트 벌크,,52650,74몰,
58113215,맥스엘리트 MAXWELL DUKE 1000W 80PLUS플래티넘 풀모듈러 ATX3.1 화이트,,279000,2몰,
58113260,맥스엘리트 MAXWELL DUKE 1300W 80PLUS플래티넘 풀모듈러 ATX3.1 화이트,,317000,119몰,
58913891,마이크로닉스 Classic II 750W 80PLUS골드 풀모듈러 ATX3.1,,139000,184몰,
58938845,MSI MAG A1000GL 80PLUS골드 풀모듈러 ATX3.1,,179000,95몰,
58938893,MSI MAG A1250GL 80PLUS골드 풀모듈러 ATX3.1,,229000,95몰,
59465297,NEWZEN SKULL 750SM 모듈러 ATX3.1 80PLUS골드,,118780,64몰,
59466356,NEWZEN SKULL 750SM 모듈러 ATX3.1 80PLUS골드 화이트,,122550,78몰,
59929793,CORSAIR SF750 ATX3.1,,238970,88몰,
59929925,CORSAIR SF1000 ATX3.1,,328900,77몰,
59930681,CORSAIR SF850 ATX3.1,,273080,58몰,
60148454,SuperFlower SF-750C12FG COMBAT FG 80PLUS골드 ATX3.1,,138680,86몰,
60148511,SuperFlower SF-850C12FG COMBAT FG 80PLUS골드 ATX3.1,,156680,93몰,
60170783,darkFlash SAVEMOST 600W 80PLUS스탠다드 벌크,,52580,62몰,
60170801,darkFlash SAVEMOST 700W 80PLUS스탠다드 벌크,,62000,64몰,
60322502,르그랑코리아 DK Plus10000,,5000000,1몰,
60421478,써멀테이크 터프파워 SFX 1000W 골드 풀모듈러 ATX3.0,,281980,23몰,
60424808,Antec HCG PRO 850W 80PLUS플래티넘 풀모듈러 ATX3.1,,255980,80몰,
60425312,몬스타 가츠 MASTERX X750W 80PLUS브론즈 ATX3.1,,56490,55몰,
61417925,몬스타 가츠 MASTERX X750W 80PLUS브론즈 ATX3.1 화이트,,58850,54몰,
61842290,몬스타 가츠 MASTERX X850W 80PLUS브론즈 ATX3.1,,61290,86몰,
61842320,몬스타 가츠 MASTERX X850W 80PLUS브론즈 ATX3.1 화이트,,63020,95몰,
62174960,시소닉 PRIME PLATINUM PX-2200 풀모듈러 ATX3,,807500,121몰,
62175968,리안리 EDGE 850 80PLUS플래티넘 블랙,,218160,106몰,
62175980,리안리 EDGE 850 80PLUS플래티넘 화이트,,221900,28몰,
62176037,리안리 EDGE 1000 80PLUS플래티넘 블랙,,275280,116몰,
62176049,리안리 EDGE 1000 80PLUS플래티넘 화이트,,287380,83몰,
62176103,리안리 EDGE 1300 80PLUS플래티넘 블랙,,348500,95몰,
62176118,리안리 EDGE 1300 80PLUS플래티넘 화이트,,358310,88몰,
62635214,Antec SF850X 80PLUS골드 SFX 풀모듈러 ATX3.1,,236990,64몰,
62640788,GIGABYTE UD850GM PG5 80PLUS골드 풀모듈러 화이트 피씨디렉트,,139360,29몰,
62649467,맥스엘리트 MAXWELL COUNT 750W 80PLUS골드 풀모듈러 ATX3.1,,139000,94몰,
62649599,CORSAIR RMx Series RM850x ATX3.1,,174380,78몰,
62649707,CORSAIR RMx Series RM1000x ATX3.1,,238930,73몰,
62793494,르그랑코리아 KEOR SP2000,,338980,5몰,
63029591,마이크로닉스 Classic II 1050W 80PLUS골드 풀모듈러 ATX3.1,,210000,160몰,
63030596,DEEPCOOL PN850M 80PLUS골드 풀모듈러 ATX3.1,,147500,68몰,
63035603,DEEPCOOL PN750M 80PLUS골드 풀모듈러 ATX3.1,,130080,67몰,
63035666,시소닉 VERTEX GX-1200 GOLD 풀모듈러 화이트 ATX3.0,,479000,2몰,
63271172,썬루트 PN700W 80PLUS브론즈 ATX3.0,,48900,58몰,
63271199,썬루트 PN700W 80PLUS브론즈 ATX3.0 벌크,,46890,53몰,
63482117,마이크로닉스 Classic II 풀체인지 900W 80PLUS실버 ATX3.1,,114900,155몰,
65920853,쿨러마스터 MWE Gold 1050 V2 풀모듈러 ATX3.0 SF6 Blanka,,225400,39몰,
65920958,쿨러마스터 MWE 브론즈 750 V3 230V ATX3.1 화이트,,81400,51몰,
65921183,쿨러마스터 MWE 브론즈 650 V3 230V ATX3.1 화이트,,61750,59몰,
65921978,엔티스 EG 750W 80PLUS골드 풀모듈러 ATX3.1,,79000,96몰,
65922035,엔티스 EG 750W 80PLUS골드 풀모듈러 ATX3.1 화이트,,79000,97몰,
65924891,엔티스 EG 850W 80PLUS골드 풀모듈러 ATX3.1,,89000,97몰,
65924927,엔티스 EG 850W 80PLUS골드 풀모듈러 ATX3.1 화이트,,96000,96몰,
65925125,엔티스 EG 1000W 80PLUS골드 풀모듈러 ATX3.1,,99000,109몰,
65925170,엔티스 EG 1000W 80PLUS골드 풀모듈러 ATX3.1 화이트,,102960,101몰,
66039971,이도디스플레이 ICE-MAN PREMIUM 600W V2.3,,55000,25몰,
66040097,HOPELY K600 V2.3 벌크,,33580,21몰,
66051566,AONE Micro 450P,,21500,41몰,
66051584,AONE Micro 450P 벌크,,20200,27몰,
67403255,NEWZEN SKULL 850SM 모듈러 ATX3.1 80PLUS골드,,133740,67몰,
67406777,NEWZEN SKULL 750XM 풀모듈러 ATX3.1 80PLUS골드 화이트,,128990,71몰,
67576934,시소닉 NEW FOCUS V4 GX-750 GOLD 풀모듈러 ATX3.1,,175000,109몰,
67577021,시소닉 NEW FOCUS V4 GX-850 GOLD 풀모듈러 ATX3.1,,198000,131몰,
67577099,시소닉 NEW FOCUS V4 GX-1000 GOLD 풀모듈러 ATX3.1,,245000,114몰,
67577330,시소닉 NEW FOCUS V4 GX-850 GOLD 풀모듈러 ATX3.1 화이트,,218000,121몰,
67577342,시소닉 NEW FOCUS V4 GX-1000 GOLD 풀모듈러 ATX3.1 화이트,,265000,109몰,
67621013,SuperFlower SF-1600F14HT LEADEX TITANIUM ATX3.1,,715280,67몰,
67979672,엔클롬 CAPO 750W 80PLUS골드 풀모듈러 ATX3.1 블랙,,72800,46몰,
67979705,엔클롬 CAPO 750W 80PLUS골드 풀모듈러 ATX3.1 화이트,,78400,44몰,
67979786,엔클롬 CAPO 850W 80PLUS골드 풀모듈러 ATX3.1 블랙,,81320,45몰,
67979864,엔클롬 CAPO 850W 80PLUS골드 풀모듈러 ATX3.1 화이트,,87360,45몰,
67979930,엔클롬 CAPO 1000W 80PLUS골드 풀모듈러 ATX3.1 블랙,,90160,46몰,
67979936,엔클롬 CAPO 1000W 80PLUS골드 풀모듈러 ATX3.1 화이트,,84260,47몰,
68243456,NZXT C850 80PLUS골드 풀모듈러 ATX3.1 블랙,,217900,27몰,
68243522,NZXT C850 80PLUS골드 풀모듈러 ATX3.1 화이트,,228820,74몰,
68243594,NZXT C1000 80PLUS골드 풀모듈러 ATX3.1 블랙,,258900,71몰,
68243621,NZXT C1000 80PLUS골드 풀모듈러 ATX3.1 화이트,,267820,34몰,
68243864,NZXT C1500 80PLUS플래티넘 풀모듈러 ATX3.1 블랙,,558000,73몰,
68247431,DEEPCOOL PL800D 80PLUS브론즈 ATX3.1,,84990,41몰,
68247452,DEEPCOOL PL750D 80PLUS브론즈 ATX3.1,,76380,41몰,
68247491,DEEPCOOL PL650D 80PLUS브론즈 ATX3.1,,61690,36몰,
68574608,MSI MAG A500N-H,,38000,69몰,
68578502,쿨러마스터 V SFX Gold 850 ATX3.1,,233700,51몰,
68578679,쿨러마스터 X Mighty Platinum 2000W 230V,,702000,55몰,
68789177,맥스엘리트 MAXWELL DUO 700W 80PLUS브론즈 PCIE5 플랫,,69000,86몰,
68789216,맥스엘리트 MAXWELL DUO 700W 80PLUS브론즈 PCIE5 플랫 화이트,,75000,55몰,
68789255,맥스엘리트 MAXWELL DUO 800W 80PLUS브론즈 PCIE5 플랫,,79000,35몰,
68789267,맥스엘리트 MAXWELL DUO 800W 80PLUS브론즈 PCIE5 플랫 화이트,,85000,73몰,
69468659,SuperFlower SF-750F14GE LEADEX III GOLD UP ATX3.1,,148660,82몰,
69468698,SuperFlower SF-850F14GE LEADEX III GOLD UP ATX3.1,,162990,81몰,
69468725,SuperFlower SF-1000F14GE LEADEX III GOLD UP ATX3.1,,186350,105몰,
69468953,마이크로닉스 Classic II 1050W 80PLUS골드 풀모듈러 ATX3.1 화이트,,213500,180몰,
69563237,GREENLEAF VOLTRON 500W Active,,33590,15몰,
69563306,GREENLEAF VOLTRON 600W Active,,37790,15몰,
70533359,MSI MAG A650BNL 화이트 80PLUS브론즈,,62720,70몰,
70619351,몬스타 가츠 MASTERX X1000W 80PLUS골드 블랙,,123150,98몰,
70619387,몬스타 가츠 MASTERX X1000W 80PLUS골드 화이트,,128100,102몰,
70678745,topower Guardian TOP-700DG 80PLUS브론즈 PCIE5.1 블랙,,72000,68몰,
70678778,topower Guardian TOP-700DG 80PLUS브론즈 PCIE5.1 화이트,,77300,69몰,
70679495,topower Guardian TOP-900DG 80PLUS스탠다드 PCIE5.1 블랙,,94900,68몰,
70679501,topower Guardian TOP-900DG 80PLUS스탠다드 PCIE5.1 화이트,,99900,65몰,
70764557,몬스타 가츠 MASTERX X850W 80PLUS골드 블랙,,108860,98몰,
70764560,몬스타 가츠 MASTERX X850W 80PLUS골드 화이트,,113800,102몰,
71066594,Antec GSK 850W 80PLUS골드 풀모듈러 ATX3.1,,165900,76몰,
71066633,Antec GSK 850W 화이트 80PLUS골드 풀모듈러 ATX3.1,,170100,79몰,
71066699,Antec GSK 750W 80PLUS골드 풀모듈러 ATX3.1,,139010,80몰,
71161970,3RSYS AK 1000W 80PLUS브론즈 모듈러 ATX3.1,,94700,121몰,
71162030,3RSYS AK 850W 80PLUS브론즈 모듈러 ATX3.1,,85000,116몰,
71162267,3RSYS AK 750W 80PLUS브론즈 모듈러 ATX3.1,,75000,118몰,
71973089,이도디스플레이 ICE-MAN 500T PLUS V2.2 KC 벌크,,22570,29몰,
72475946,AONE 시그니처 750W 80PLUS브론즈 풀모듈러 베이직 ATX3.1 화이트,,75000,79몰,
72476015,AONE STORM 600W 80PLUS브론즈 화이트,,54000,73몰,
72476114,AONE STORM 700W 80PLUS브론즈 화이트,,59000,72몰,
72816704,NEWZEN SKULL 850SM 모듈러 ATX3.1 80PLUS골드 화이트,,141180,75몰,
72975059,Antec CSK PRO 1000W 80PLUS브론즈 230V EU 모듈러 ATX3.1,,124000,74몰,
72975086,Antec CSK PRO 850W 80PLUS브론즈 230V EU 모듈러 ATX3.1,,108000,70몰,
72979838,마이크로닉스 Classic II 풀체인지 750W 80PLUS스탠다드 ATX3.1,,83900,140몰,
72979889,마이크로닉스 Classic II 풀체인지 650W 80PLUS스탠다드 ATX3.1,,62500,145몰,
72979961,마이크로닉스 Classic II 풀체인지 550W 80PLUS스탠다드 ATX3.1,,54500,135몰,
73121675,AONE STORM 700LF 벌크,,41500,54몰,
73951985,앱코 코어맥스 CM-500B ETA브론즈,,40900,66몰,
73952099,앱코 코어맥스 CM-600B ETA브론즈,,45000,68몰,
73952144,앱코 코어맥스 CM-700B ETA브론즈,,52000,67몰,
74051213,NZXT C1200 80PLUS골드 풀모듈러 ATX3.1 블랙,,318820,71몰,
74051225,NZXT C1200 80PLUS골드 풀모듈러 ATX3.1 화이트,,327850,70몰,
74052779,NEWZEN SKULL 750XM 풀모듈러 ATX3.1 80PLUS골드 블랙,,127360,52몰,
74052926,NEWZEN SKULL 850XM 풀모듈러 ATX3.1 80PLUS골드 블랙,,143990,60몰,
74056880,잘만 MegaMax II 500W 80PLUS브론즈 ATX3.1,,49660,94몰,
74056904,잘만 MegaMax II 600W 80PLUS브론즈 ATX3.1,,58520,88몰,
74056925,잘만 MegaMax II 700W 80PLUS브론즈 ATX3.1,,72100,91몰,
74056946,잘만 MegaMax II 800W 80PLUS브론즈 ATX3.1,,81700,88몰,
74484749,마이크로닉스 WIZMAX 750W 80PLUS실버 ATX3.1,,90830,102몰,
74484791,마이크로닉스 WIZMAX 850W 80PLUS실버 ATX3.1,,110000,98몰,
74813765,CORSAIR RM1000e ATX3.1,,253050,17몰,
74813786,CORSAIR RM850e ATX3.1,,185840,16몰,
74813801,CORSAIR RM750e ATX3.1,,171150,17몰,
74895005,시소닉 PRIME TITANIUM TX-1600 풀모듈러 ATX3.1,,950000,90몰,
74895068,시소닉 PRIME PLATINUM PX-1600 풀모듈러 ATX3.1,,750000,91몰,
74895119,시소닉 PRIME TITANIUM TX-1300 풀모듈러 ATX3.1,,790000,91몰,
74998835,AONE NEW STORM 700K 80PLUS브론즈 벌크,,가격비교예정,0몰,
74998922,AONE NEW TFX-450P 벌크,,가격비교예정,0몰,
74999102,AONE NEW 태왕 TFX-450T,,가격비교예정,0몰,
75071069,AONE NEW STORM 500LF 더블포워드,,가격비교예정,0몰,
75071093,AONE NEW STORM 500LF 더블포워드 벌크,,가격비교예정,0몰,
75071786,MSI MEG Ai1300P 80PLUS플래티넘 풀모듈러 ATX3.1,,366500,63몰,
75376664,AONE NEW TFX-450P,,가격비교예정,0몰,
75536243,쿨러마스터 V SFX Gold 850 ATX3.1 화이트,,230000,38몰,
75719750,쿨러마스터 MWE GOLD 850 V3 ATX3.1 블랙,,91080,29몰,
75719774,쿨러마스터 MWE GOLD 850 V3 ATX3.1 화이트,,101320,28몰,
75719807,쿨러마스터 MWE GOLD 750 V3 ATX3.1 블랙,,85550,28몰,
75719810,쿨러마스터 MWE GOLD 750 V3 ATX3.1 화이트,,91870,29몰,
75938597,darkFlash 퍼펙트모스트 750W 80PLUS골드 풀모듈러 ATX3.1 블랙,,가격비교예정,0몰,
75938603,darkFlash 퍼펙트모스트 750W 80PLUS골드 풀모듈러 ATX3.1 화이트,,가격비교예정,0몰,
75938642,darkFlash 퍼펙트모스트 850W 80PLUS골드 풀모듈러 ATX3.1 블랙,,가격비교예정,0몰,
75938654,darkFlash 퍼펙트모스트 850W 80PLUS골드 풀모듈러 ATX3.1 화이트,,가격비교예정,0몰,
75939377,마이크로닉스 Classic II 1000W 80PLUS플래티넘 ATX3.1,,가격비교예정,0몰,
