Id,Name,Type,Price,Mall,2025-01-01 00:20:48
704019,매트록스 M9120 PCle x16 코트록스,,528990,1몰,
704023,매트록스 M9140 PCle x16 LP 코트록스,,1212720,3몰,
874930,매트록스 M9120 PLUS LP PCle x16 512MB DVI 앤아이피,,708150,1몰,
883031,매트록스 M9120 PLUS LP PCIe x16 512MB RGB Quad 앤아이피,,800440,5몰,
1029563,매트록스 M9138 LP PCle x16 1GB DP Triple 앤아이피,,812500,3몰,
1029593,매트록스 M9148 LP PCle x16 1GB DP/DVI Quad 앤아이피,,1459110,4몰,
1040726,매트록스 M9128 PCle x16 1GB LP 코트록스,,606360,2몰,
1695462,갤럭시 지포스 GT610 D3 2GB LP,,37190,1몰,
1878552,FORSA 지포스 G210 D3 512MB,,27370,41몰,
3028594,FORSA 지포스 GT730 D3 1GB LP,,48870,47몰,
3061429,GIGABYTE 지포스 GT730 UD2 D5 2GB 블랙펄 제이씨현,,92000,1몰,
3734562,MSI 지포스 GT710 D3 2GB LP 무소음,,48230,126몰,
3745148,갤럭시 GALAX 지포스 GT710 D3 1GB LP,,54200,1몰,
3758234,갤럭시 GALAX 지포스 GT710 D3 1GB LP 무소음,,49400,114몰,
3928707,FORSA 지포스 GT610 Plus D3 1GB,,48030,1몰,
5065115,ASUS PH 지포스 GTX1050 Ti D5 4GB,,244600,1몰,
5149140,GIGABYTE 지포스 GT1030 UD2 D5 2GB 미니미 제이씨현,,149400,3몰,
5150074,INNO3D 지포스 GT1030 D5 2GB LP 무소음,,103060,98몰,
5150631,갤럭시 GALAX 지포스 GT1030 강아지 EXOC D5 2GB LP,,104000,133몰,
5150742,갤럭시 GALAX 지포스 GT1030 D5 2GB,,107000,131몰,
5204421,ASUS PH 지포스 GT1030 O2G D5 2GB 인텍앤컴퍼니,,108310,99몰,
5400205,Sonnet eGFX Breakaway Box (해외구매),,500000,1몰,
5406903,EVGA 파워링크 (해외구매),,22700,35몰,
5727780,NVIDIA Tesla V100 HBM2 16GB SXM2,,1760000,3몰,
5821058,NVIDIA TITAN V HBM2 12GB (해외구매),,13389600,1몰,
6038686,MSI 지포스 GT1030 에어로 ITX OC D4 2GB,,102880,113몰,
6062420,GIGABYTE 지포스 GT1030 UD2 D4 2GB 미니미 제이씨현,,105000,2몰,
6069251,NVIDIA 쿼드로 P620 D5 2GB,,217000,3몰,
6211339,GIGABYTE AORUS SLI HB 브릿지 L,,37000,44몰,
6288917,AFOX 지포스 GT710 L5 D3 1GB LP 디앤디컴,,45270,75몰,
6632467,라데온 RX 480 D5 4GB (중고),,70000,1몰,
6632590,라데온 RX 570 D5 4GB (중고),,65700,10몰,
6632827,라데온 RX 580 D5 4GB (중고),,65700,17몰,
6641014,지포스 GTX1050 D5 2GB (중고),,58400,22몰,
6641638,지포스 GTX1050 Ti D5 4GB (중고),,86300,25몰,
6641779,지포스 GTX1060 D5 3GB (중고),,90320,89몰,
6642142,지포스 GTX1060 D5 6GB (중고),,94410,13몰,
6642286,지포스 GTX1070 D5 8GB (중고),,126250,22몰,
6642355,지포스 GTX1070 Ti D5 8GB (중고),,151710,17몰,
6642610,지포스 GTX1080 Ti D5X 11GB (중고),,232140,13몰,
6643591,라데온 RX 460 D5 2GB (중고),,40450,4몰,
6643693,라데온 RX 570 D5 8GB (중고),,69000,2몰,
6673729,지포스 GTX960 D5 2GB (중고),,51200,28몰,
6674599,지포스 GTX760 D5 2GB (중고),,45210,4몰,
6725461,FORSA 지포스 GT1030 D5 2GB,,100440,40몰,
6756814,지포스 GTX750 D5 1GB (중고),,32000,5몰,
6756913,지포스 GTX750 Ti D5 1GB (중고),,34930,9몰,
6757090,지포스 GTX750 Ti D5 2GB (중고),,43990,21몰,
6757591,지포스 GTX660 Ti D5 2GB (중고),,56000,1몰,
6758101,지포스 GTX660 D5 2GB (중고),,35000,1몰,
6830257,라데온 RX 580 D5 8GB (중고),,99000,9몰,
6839308,NVIDIA 쿼드로 RTX 6000 D6 24GB,,5454550,2몰,
6844060,FORSA 지포스 GT730 128bit D3 1GB,,50750,7몰,
6946081,지포스 GTX1080 D5X 8GB (중고),,156400,39몰,
7024378,GIGABYTE 지포스 RTX 2060 UDV OC D6 6GB 제이씨현,,690000,1몰,
7314934,INNO3D 지포스 GTX 1660 Ti D6 6GB TWIN X2,,391150,1몰,
7358839,NVIDIA 쿼드로 RTX 4000 D6 8GB,,1430270,3몰,
7441441,COLORFUL 지포스 GT710 REVENGE D3 1GB,,47610,5몰,
7456369,지포스 GTX970 D5 4GB (중고),,85210,6몰,
7456618,지포스 GT1030 D5 2GB (중고),,45080,16몰,
7479994,갤럭시 BOY 지포스 GT1030 D5 2GB,,113000,95몰,
7480081,갤럭시 BOY 지포스 GT710 D3 1GB LP 무소음,,47700,87몰,
7778368,GIGABYTE 지포스 GTX 1650 UDV OC D5 4GB 제이씨현,,258000,1몰,
7899205,라데온 RX 470 D5 8GB (중고),,78000,1몰,
8084563,ASUS DUAL 지포스 RTX 2060 O6G EVO D6 6GB,,375990,2몰,
8493237,COLORFUL iGame 지포스 RTX 2070 SUPER Vulcan X OC D6 8GB,,1347760,2몰,
8791634,갤럭시 GALAX 지포스 RTX 2080 SUPER EX WHITE OC D6 8GB,,1782240,2몰,
9264087,갤럭시 GALAX 지포스 RTX 2080 Ti Hall Of Fame D6 11GB 10th Anniversary Edition,,3164560,2몰,
9317550,AFOX 지포스 G210 D3 512MB LP,,23620,5몰,
9423000,ASUS CERBERUS 지포스 GTX1050 Ti O4G D5 4GB,,370000,1몰,
9619425,ASUS TUF Gaming 지포스 GTX 1660 Ti O6G D6 6GB,,564730,1몰,
9783714,ZOTAC GAMING 지포스 GTX 1660 SUPER AMP D6 6GB 백플레이트,,1200000,1몰,
9790371,MSI 지포스 GTX 1660 SUPER 벤투스 S OC D6 6GB,,740800,1몰,
9790461,갤럭시 GALAX 지포스 GTX 1660 SUPER OC D6 6GB,,998000,1몰,
9790467,갤럭시 GALAX 지포스 GTX 1660 SUPER EX WHITE OC D6 6GB,,847000,1몰,
9792135,갤럭시 BOY 지포스 GTX 1660 SUPER OC D6 6GB,,518430,1몰,
9849591,INNO3D 지포스 GTX 1660 SUPER D6 6GB TWIN X2,,473890,2몰,
9883551,리드텍 WinFast 지포스 GTX 1660 SUPER HURRICANE D6 6GB,,284930,1몰,
9909333,ASUS TUF Gaming 지포스 GTX 1660 SUPER O6G D6 6GB,,399000,2몰,
10936446,FORSA 지포스 GTX 1660 SUPER K D6 6GB,,261170,5몰,
11001336,이엠텍 지포스 GTX 1650 STORM X Dual MINI OC D6 4GB,,338730,2몰,
11131113,ARKTEK 지포스 G210 D3 1GB LP,,27820,59몰,
11189739,COLORFUL 지포스 GTX 1650 토마호크 D6 4GB,,380000,1몰,
11250150,AKiTiO 노드 타이탄 eGPU BOX,,467990,14몰,
11602526,TAGER 지포스 G210 D3 512MB LP,,24680,63몰,
11602802,TAGER 지포스 GT1030 D5 2GB,,94630,61몰,
11602895,TAGER 지포스 GTX1050 Ti D5 4GB,,795000,1몰,
11603069,TAGER 지포스 GTX 1660 D5 6GB,,252530,60몰,
11639375,NVIDIA 쿼드로 RTX NV링크 브릿지 2-Slot,,125000,3몰,
11686493,ASUS TUF Gaming 지포스 GTX 1660 SUPER 6G D6 6GB,,335500,1몰,
11813914,갤럭시 GALAX 지포스 GTX 1650 BLACK EX PLUS OC D6 4GB,,232600,11몰,
11914264,갤럭시 BOY 지포스 GT1030 EXOC WHITE D5 2GB LP,,102000,86몰,
11975078,지포스 GTX 1650 D5 4GB (중고),,117170,3몰,
11975147,지포스 GTX 1650 D6 4GB (중고),,111280,6몰,
11975627,지포스 GTX 1650 SUPER D6 4GB (중고),,111660,3몰,
11976056,지포스 GTX 1660 D5 6GB (중고),,155990,17몰,
11976995,지포스 GTX 1660 SUPER D6 6GB (중고),,168440,98몰,
11977706,지포스 GTX 1660 Ti D6 6GB (중고),,160170,59몰,
11978288,지포스 RTX 2060 D6 6GB (중고),,188730,75몰,
11978807,지포스 RTX 2060 SUPER D6 8GB (중고),,225000,36몰,
11979008,지포스 RTX 2070 D6 8GB (중고),,200690,76몰,
11979092,지포스 RTX 2070 SUPER D6 8GB (중고),,263150,21몰,
11979227,지포스 RTX 2080 D6 8GB (중고),,288990,28몰,
11979344,지포스 RTX 2080 SUPER D6 8GB (중고),,283000,48몰,
11979449,지포스 RTX 2080 Ti D6 11GB (중고),,1033320,6몰,
12204407,ASUS ROG STRIX 지포스 RTX 3080 O10G GAMING OC D6X 10GB,,2578740,3몰,
12213656,INNO3D iChiLL 지포스 RTX 3090 D6X 24GB X4,,3939000,1몰,
12294263,이엠텍 XENON 지포스 RTX 3090 TURBO JET OC D6X 24GB,,3723700,1몰,
12296372,리드텍 WinFast 지포스 GTX 1650 D6 4GB,,299680,1몰,
12364487,GIGABYTE 지포스 GTX 1650 WINDFORCE OC D6 4GB 피씨디렉트,,418670,2몰,
12371567,GIGABYTE 지포스 RTX 3080 VISION OC D6X 10GB 피씨디렉트,,2900000,3몰,
12373847,FORSA 지포스 GTX 1650 D6 4GB,,233100,16몰,
12427739,GIGABYTE 지포스 GT1030 UD2 D5 2GB 미니미 피씨디렉트,,122400,1몰,
12464813,ASUS TUF Gaming 지포스 GTX 1650 O4G P D6 4GB,,290000,3몰,
12478103,GIGABYTE 지포스 GT730 UD2 D5 2GB 미니미 피씨디렉트,,294800,1몰,
12503714,PNY XLR8 지포스 GTX 1660 SUPER OC D6 6GB 제이씨현,,409000,5몰,
12574376,이엠텍 지포스 RTX 3070 BLACK EDITION OC D6 8GB,,1300000,2몰,
12575201,GIGABYTE AORUS 지포스 RTX 3070 MASTER D6 8GB 피씨디렉트,,2800000,1몰,
12575708,GIGABYTE 지포스 RTX 3070 GAMING OC D6 8GB 피씨디렉트,,1960670,1몰,
12576932,갤럭시 GALAX 지포스 RTX 3070 EX WHITE OC D6 8GB,,2411200,1몰,
12577802,GIGABYTE 지포스 RTX 3070 GAMING OC D6 8GB 제이씨현,,2980000,1몰,
12578009,ASUS KO 지포스 RTX 3070 O8G GAMING OC D6 8GB,,1585350,5몰,
12753542,갤럭시 GALAX 지포스 RTX 2060 PLUS OC D6 6GB,,519000,1몰,
12816620,GIGABYTE 지포스 RTX 3060 Ti GAMING OC D6 8GB 피씨디렉트,,2980000,1몰,
12819950,NVIDIA 쿼드로 RTX NV링크 브릿지 3-Slot,,130600,19몰,
12820505,NVIDIA 쿼드로 Sync II,,1427990,91몰,
12821741,ASUS TUF Gaming 지포스 RTX 3060 Ti O8G OC D6 8GB,,2693780,2몰,
12821834,ASUS ROG STRIX 지포스 RTX 3060 Ti O8G GAMING OC D6 8GB,,2000000,2몰,
12840242,ASUS TUF Gaming 지포스 RTX 3070 O8G OC D6 8GB,,1670470,1몰,
12925592,NVIDIA 쿼드로 NVS 420 512MB PCI-E x16 (해외구매),,104450,1몰,
12926084,Razer Core X Chroma (해외구매),,700000,24몰,
12926123,Razer Core X Black (해외구매),,593570,5몰,
13169082,FORSA 지포스 GTX 1660 SUPER X D6 6GB,,246990,82몰,
13173020,ASUS TUF Gaming 라데온 RX 6800 XT O16G OC D6 16GB,,966390,2몰,
13279097,갤럭시 GALAX 지포스 RTX 3070 EX BLACK OC V3 D6 8GB,,630000,3몰,
13280759,지포스 GTS250 D3 512MB (중고),,14400,10몰,
13290143,GIGABYTE 지포스 GT730 UD2 D5 2GB 블랙펄 피씨디렉트,,431200,1몰,
13379024,PNY XLR8 지포스 RTX 3090 REVEL EPIC-X RGB D6X 24GB Triple,,3776870,5몰,
13437776,GIGABYTE 지포스 GTX 1660 SUPER UDV D6 6GB 제이씨현,,276000,1몰,
13462442,이엠텍 지포스 GTX 1660 SUPER STORM X Dual BASIC OC D6 6GB,,291000,1몰,
13463144,이엠텍 지포스 RTX 3060 STORM X Dual OC D6 12GB,,890000,1몰,
13467581,INNO3D 지포스 RTX 3060 OC D6 12GB TWIN X2,,545000,2몰,
13467590,ASUS TUF Gaming 지포스 RTX 3060 O12G OC D6 12GB,,1418990,2몰,
13470908,MSI 지포스 RTX 3060 게이밍 X D6 12GB 트윈프로져8,,350000,2몰,
13493789,GAINWARD 지포스 GTX 1660 SUPER 고스트 V1 D6 6GB 백플레이트,,940000,1몰,
13512254,MSI 지포스 RTX 3060 벤투스 2X OC D6 12GB,,418080,15몰,
13596899,NVIDIA RTX A6000 D6 48GB,,6490000,105몰,
13612532,ASUS DUAL 지포스 RTX 3060 O12G OC D6 12GB 인텍앤컴퍼니,,414980,66몰,
13645580,ASRock 라데온 RX 6700 XT CHALLENGER Pro OC D6 12GB 에즈윈,,2200000,3몰,
13646882,GIGABYTE 라데온 RX 6700 XT GAMING OC D6 12GB 피씨디렉트,,1008000,1몰,
13682417,XFX 라데온 RX 6700 XT QICK 319 ULTRA D6 12GB,,802270,2몰,
13724549,ASRock Phantom Gaming D 라데온 RX 6700 XT OC D6 12GB 에즈윈,,1975000,1몰,
13787789,XFX 라데온 RX 6700 XT QICK 319 BLACK D6 12GB,,639010,4몰,
13927949,GIGABYTE 라데온 RX 580 GAMING D5 8GB 피씨디렉트,,183390,101몰,
13937867,AMD 라데온 PRO WX3200 D5 4GB LP,,209000,2몰,
14014424,MSI 지포스 RTX 2060 게이밍 Z D6 6GB 트윈프로져7 (해외구매),,948500,1몰,
14014553,COLORFUL iGame 지포스 RTX 2060 Ultra D6 6GB (해외구매),,958300,1몰,
14036195,MSI 라데온 RX 6700 XT 게이밍 X D6 12GB 트윈프로져8,,2925000,1몰,
14036630,GIGABYTE 지포스 RTX 3060 Ti GAMING OC PRO V2 D6 8GB 피씨디렉트,,1503050,2몰,
14077574,AFOX 지포스 GT730 D3 2GB LP 무소음 디앤디컴,,52470,103몰,
14077739,AFOX 지포스 G210 D3 512MB LP 디앤디컴,,22580,90몰,
14092100,GIGABYTE 지포스 GT1030 UD2 D4 2GB 미니미 피씨디렉트,,95670,83몰,
14158409,SAPPHIRE 라데온 RX 6900 XT TOXIC OC D6 16GB Extreme Edition,,900000,2몰,
14244446,GIGABYTE AORUS 지포스 RTX 3080 MASTER V2 D6X 10GB 피씨디렉트,,2999990,2몰,
14274734,NVIDIA NV링크 브릿지 2-Slot,,288990,8몰,
14274809,NVIDIA NV링크 브릿지 3-Slot,,251370,72몰,
14296337,AMD 라데온 PRO WX3200 D5 4GB LP 대원씨티에스,,202990,43몰,
14346383,ASUS PH 지포스 GTX 1650 O4G D6 4GB,,399000,1몰,
14351684,GIGABYTE 지포스 RTX 3080 Ti GAMING OC D6X 12GB 제이씨현,,4352030,1몰,
14352602,MSI 지포스 RTX 3070 게이밍 X 트리오 D6 8GB 트라이프로져2 (해외구매),,990640,1몰,
14379887,GIGABYTE AORUS 지포스 RTX 3080 Ti MASTER D6X 12GB 피씨디렉트,,2800000,1몰,
14413778,갤럭시 GALAX 지포스 RTX 3070 D6 8GB LHR,,1600000,1몰,
14430383,GIGABYTE 지포스 RTX 3070 Ti VISION OC D6X 8GB 피씨디렉트,,1569160,6몰,
14442290,ZOTAC GAMING 지포스 RTX 3070 Ti Trinity D6X 8GB,,2300000,1몰,
14446805,갤럭시 GALAX 지포스 RTX 3070 Ti EX BLACK OC D6X 8GB,,419990,7몰,
14446826,GIGABYTE 지포스 RTX 3070 Ti VISION OC D6X 8GB 제이씨현,,1392570,1몰,
14448719,갤럭시 GALAX 지포스 RTX 3060 V2 D6 12GB,,431990,108몰,
14459372,GIGABYTE AORUS 지포스 RTX 3060 ELITE V2 D6 12GB 제이씨현,,900000,1몰,
14459492,GIGABYTE 지포스 RTX 3060 EAGLE OC V2 D6 12GB 제이씨현,,459000,3몰,
14461889,MSI 지포스 RTX 3070 Ti 슈프림 X D6X 8GB 트라이프로져2S,,1744600,3몰,
14474312,ASUS TUF Gaming 지포스 GTX 1660 SUPER O6G D6 6GB (해외구매),,451350,1몰,
14478413,GIGABYTE 지포스 RTX 3060 Ti EAGLE OC V2 D6 8GB 제이씨현,,2980000,1몰,
14480888,GIGABYTE 지포스 RTX 3060 Ti EAGLE OC V2 D6 8GB 피씨디렉트,,658960,2몰,
14480987,GIGABYTE 지포스 RTX 3060 Ti EAGLE V2 D6 8GB 피씨디렉트,,1467050,2몰,
14500928,ZOTAC GAMING 지포스 RTX 3080 Trinity OC D6X 10GB (해외구매),,2303200,2몰,
14527049,갤럭시 GALAX 지포스 RTX 3070 Ti D6X 8GB,,420510,2몰,
14534291,이엠텍 XENON 지포스 RTX 3070 TURBO JET OC D6 8GB LHR,,1380000,1몰,
14548118,GIGABYTE 지포스 GTX 1660 Ti UDV D6 6GB 제이씨현,,391310,1몰,
14636894,COLORFUL 지포스 RTX 3080 Ti 토마호크 D6X 12GB,,1527000,1몰,
14648696,GIGABYTE 지포스 RTX 3080 EAGLE V2 D6X 10GB 피씨디렉트,,1599800,1몰,
14658527,COLORFUL 지포스 RTX 3070 Ti 토마호크 D6X 8GB,,1332900,1몰,
14718956,갤럭시 GALAX 지포스 RTX 3060 Ti D6 8GB LHR,,352750,7몰,
14719271,GIGABYTE 지포스 RTX 3070 GAMING OC V2 D6 8GB 제이씨현,,657000,1몰,
14719568,GIGABYTE 지포스 RTX 3070 VISION OC V2 D6 8GB 제이씨현,,1319000,2몰,
14729381,GIGABYTE 지포스 RTX 3060 Ti GAMING OC V2 D6 8GB 제이씨현,,808000,4몰,
14740715,ASUS 지포스 GT730 SL D5 2GB,,78840,98몰,
14742041,COLORFUL iGame 지포스 RTX 3060 Advanced OC D6 12GB LHR,,1095240,1몰,
14753852,EVGA 지포스 RTX 3060 XC GAMING D6 12GB LHR,,499900,1몰,
14776451,MSI 지포스 RTX 3060 Ti 게이밍 X D6 8GB 트윈프로져8 LHR,,950000,2몰,
14788691,갤럭시 GALAX 지포스 RTX 3060 Ti EX WHITE OC D6 8GB LHR,,360000,1몰,
14804777,PALIT 지포스 RTX 3060 Ti Dual D6 8GB LHR,,720330,3몰,
14824238,ZOTAC GAMING 지포스 RTX 3070 TWIN Edge OC D6 8GB LHR,,1070000,1몰,
14824829,GAINWARD 지포스 RTX 3060 고스트 D6 12GB LHR,,494280,37몰,
14837663,GIGABYTE 지포스 RTX 3070 EAGLE OC V2 D6 8GB 피씨디렉트,,2400000,1몰,
14853878,ZOTAC GAMING 지포스 RTX 3060 TWIN Edge OC D6 12GB LHR,,890000,1몰,
14857055,ASUS DUAL 지포스 RTX 3060 Ti O8G OC MINI D6 8GB,,799000,2몰,
14857991,GIGABYTE 지포스 RTX 3070 GAMING OC V2 D6 8GB 피씨디렉트,,657000,1몰,
14861477,INNO3D 지포스 RTX 3060 Ti D6 8GB TWIN X2 LHR,,703800,1몰,
14863025,NVIDIA RTX A5000 D6 24GB,,3321780,101몰,
14863532,NVIDIA RTX A5000 D6 24GB (해외구매),,3660000,2몰,
14864039,NVIDIA T1000 D6 4GB,,490970,70몰,
14873684,GIGABYTE 지포스 RTX 3060 Ti GAMING OC PRO V3 D6 8GB 피씨디렉트,,2850000,1몰,
14909129,INNO3D 지포스 RTX 3060 D6 12GB TWIN X2,,595240,1몰,
14934254,NVIDIA RTX A4000 D6 16GB,,1668840,91몰,
14936474,갤럭시 GALAX 지포스 RTX 3080 EX GAMER WHITE OC D6X 10GB LHR,,2592000,1몰,
14944832,GIGABYTE 지포스 RTX 3070 VISION OC V2 D6 8GB 피씨디렉트,,2899990,2몰,
14953979,갤럭시 GALAX 지포스 RTX 3060 EX WHITE OC V2 D6 12GB,,1226990,2몰,
14974442,SAPPHIRE 라데온 RX 6600 XT PULSE OC D6 8GB Dual-X,,849900,1몰,
14979494,XFX 라데온 RX 6600 XT QICK 308 BLACK D6 8GB,,880000,3몰,
14980412,GIGABYTE 라데온 RX 6600 XT GAMING OC D6 8GB 피씨디렉트,,753000,2몰,
14980448,GIGABYTE 라데온 RX 6600 XT GAMING OC PRO D6 8GB 피씨디렉트,,884000,1몰,
14990558,갤럭시 GALAX 지포스 RTX 3080 EX GAMER BLACK OC D6X 10GB LHR,,2592000,1몰,
14990648,갤럭시 GALAX 지포스 RTX 3060 EX BLACK OC V2 D6 12GB,,419000,4몰,
15014885,COLORFUL 지포스 RTX 3060 Ti 토마호크 DUO D6 8GB LHR,,391000,4몰,
15091757,AMD 라데온 PRO W6600 D6 8GB,,972470,2몰,
15108203,ASUS TUF Gaming 지포스 GTX 1660 Ti 6G EVO D6 6GB,,325000,2몰,
15108326,ASUS TUF Gaming 지포스 GTX 1660 Ti O6G EVO OC D6 6GB,,664160,4몰,
15129071,AMD 라데온 PRO W6600 D6 8GB 대원씨티에스,,749000,1몰,
15132614,XFX 라데온 RX 6600 XT SWFT 210 CORE D6 8GB,,846000,1몰,
15145340,갤럭시 BOY 지포스 RTX 3060 V2 D6 12GB,,422980,79몰,
15178970,MSI 지포스 RTX 3060 벤투스 2X OC D6 12GB (해외구매),,491560,1몰,
15196220,MSI 라데온 RX 6900 XT 게이밍 X 트리오 D6 16GB 트라이프로져2 (해외구매),,1025110,6몰,
15196385,NVIDIA RTX A4000 D6 16GB (해외구매),,1427300,2몰,
15196829,COLORFUL iGame 지포스 RTX 3090 Kudan D6X 24GB (해외구매),,6683500,2몰,
15360209,AMD 라데온 PRO W5500 D6 8GB 대원씨티에스,,386510,46몰,
15401348,ASUS TUF Gaming 지포스 GTX 1650 4G D6 4GB,,337000,1몰,
15427058,GIGABYTE 라데온 RX 6600 EAGLE D6 8GB 제이씨현,,549000,1몰,
15427364,XFX 라데온 RX 6600 SWFT 210 CORE D6 8GB,,277980,66몰,
15428015,SAPPHIRE 라데온 RX 6600 PULSE D6 8GB Dual-X,,444900,1몰,
15428156,GIGABYTE 라데온 RX 6600 EAGLE D6 8GB 피씨디렉트,,282530,90몰,
15435041,MSI 라데온 RX 6600 메크 2X D6 8GB,,1100000,1몰,
15444875,ASUS DUAL 라데온 RX 6600 D6 8GB,,606000,2몰,
15450695,NVIDIA T1000 D6 4GB (병행수입),,473740,49몰,
15472787,XFX 라데온 RX 6900 XT ZERO EKWB Limited Edition D6 16GB,,1594000,1몰,
15545225,XFX 라데온 RX 6800 SWFT 319 CORE D6 16GB,,528960,18몰,
15555188,COLORFUL 지포스 RTX 3060 Ti 토마호크 DUO V2 D6 8GB LHR,,913500,2몰,
15566774,MSI 지포스 RTX 3080 Ti 슈프림 X D6X 12GB 트라이프로져2S (해외구매),,1499990,5몰,
15568853,갤럭시 갤라즈 GALAX 지포스 GT610 D3 2GB LP,,35000,1몰,
15605021,ASUS DUAL 라데온 RX 6600 D6 8GB 대원씨티에스,,341990,3몰,
15617888,PNY 지포스 RTX 3060 UPRISING D6 12GB Dual 마이크로닉스,,578830,2몰,
15626996,갤럭시 갤라즈 BOY 지포스 GT610 D3 2GB LP,,55320,1몰,
15700163,TAGER 지포스 GT610 D3 1GB LP,,57050,1몰,
15745244,리드텍 WinFast 지포스 GT730 D3 1GB LP,,77000,1몰,
15754070,ASUS DUAL 지포스 RTX 3070 O8G OC D6 8GB,,1126350,3몰,
15757727,MANLI 지포스 RTX 3070 Ti Rush D6X 8GB LHR,,1678990,1몰,
15941003,이엠텍 지포스 RTX 2060 STORM X Dual BASIC D6 12GB,,878750,1몰,
15943964,COLORFUL 지포스 RTX 2060 SUPER 토마호크 D6 8GB,,1000000,1몰,
15978635,COLORFUL 지포스 RTX 2060 토마호크 D6 12GB,,719000,1몰,
16143644,ATUM GENESIS 지포스 GTX 1660 SUPER D6 6GB TWIN (벌크),,757500,1몰,
16155728,ZOTAC GAMING 지포스 RTX 3080 AMP Holo D6X 12GB LHR,,1038900,1몰,
16217153,지포스 GTX650 Ti D5 1GB (중고),,27000,4몰,
16217210,지포스 GTX650 D5 1GB (중고),,17940,4몰,
16224023,PowerColor 라데온 RX 6500 XT Fighter D6 4GB,,299000,1몰,
16224614,XFX 라데온 RX 6500 XT QICK 210 BLACK D6 4GB,,398500,3몰,
16224779,GIGABYTE 라데온 RX 6500 XT GAMING OC D6 4GB 제이씨현,,750000,1몰,
16231076,SAPPHIRE 라데온 RX 6500 XT PULSE OC D6 4GB Dual-X,,272210,1몰,
16239542,MANLI 지포스 RTX 3070 Ti Rush D6X 8GB LHR (벌크),,1592630,4몰,
16248074,ASRock Phantom Gaming D 라데온 RX 6500 XT OC D6 4GB 에즈윈,,273750,2몰,
16284683,ZOTAC GAMING 지포스 RTX 3050 TWIN Edge OC D6 8GB,,616900,2몰,
16288850,ASUS TUF Gaming 라데온 RX 6500 XT O4G OC D6 4GB 대원씨티에스,,260000,5몰,
16291658,이엠텍 지포스 RTX 3050 STORM X Dual OC D6 8GB,,489000,2몰,
16292681,MSI 지포스 RTX 3050 게이밍 X D6 8GB 트윈프로져8,,565000,1몰,
16294016,ZOTAC GAMING 지포스 RTX 3080 Ti AMP Holo Black D6X 12GB (해외구매),,2299300,1몰,
16295588,MSI 지포스 RTX 3070 게이밍 Z 트리오 D6 8GB 트라이프로져2 (해외구매),,1508400,1몰,
16295945,GIGABYTE 지포스 RTX 3050 GAMING OC D6 8GB 제이씨현,,456000,1몰,
16296011,GIGABYTE 지포스 RTX 3050 GAMING OC D6 8GB 피씨디렉트,,666000,1몰,
16301489,갤럭시 갤라즈 GALAX 지포스 RTX 3050 D6 8GB,,382000,3몰,
16301495,갤럭시 갤라즈 GALAX 지포스 RTX 3050 EX BLACK OC D6 8GB,,384460,3몰,
16301504,GAINWARD 지포스 RTX 3050 고스트 D6 8GB,,546670,1몰,
16301759,ASUS DUAL 지포스 RTX 3050 O8G OC D6 8GB,,408000,1몰,
16309970,EVGA 지포스 RTX 3050 XC GAMING D6 8GB,,370000,1몰,
16313996,MSI 지포스 RTX 3050 벤투스 2X OC D6 8GB,,389000,2몰,
16319510,지포스 RTX 3060 D6 12GB (중고),,311990,89몰,
16319558,지포스 RTX 3060 Ti D6 8GB (중고),,294600,110몰,
16319603,지포스 RTX 3070 D6 8GB (중고),,250000,213몰,
16333061,ASUS DUAL 지포스 RTX 3050 D6 8GB,,554400,2몰,
16340576,ZOTAC GAMING 지포스 RTX 3060 TWIN Edge OC D6 12GB (해외구매),,668500,1몰,
16362338,지포스 RTX 3080 D6X 10GB (중고),,496890,123몰,
16364171,지포스 GT610 D3 1GB (중고),,15270,12몰,
16364321,지포스 G210 D3 512MB (중고),,8520,8몰,
16367189,NVIDIA RTX A2000 D6 6GB,,628990,94몰,
16380443,NVIDIA T1000 D6 8GB,,583930,95몰,
16409771,ASUS ROG STRIX 지포스 RTX 3050 O8G GAMING OC D6 8GB,,490000,2몰,
16430564,SAPPHIRE 라데온 RX 6900 XT NITRO+ Special Edition OC D6 16GB Tri-X (해외구매),,2478300,1몰,
16441964,HP 지포스 RTX 3070 D6 8GB (벌크),,600000,3몰,
16500317,NVIDIA RTX A4500 D6 20GB,,2546950,11몰,
16512887,지포스 RTX 3070 Ti D6X 8GB (중고),,388870,62몰,
16544444,지포스 RTX 3080 Ti D6X 12GB (중고),,641900,69몰,
16702520,GIGABYTE 지포스 RTX 3090 Ti GAMING OC D6X 24GB 제이씨현,,5200000,1몰,
16799315,지포스 RTX 3080 D6X 12GB (중고),,650000,1몰,
16868495,GIGABYTE 라데온 RX 6400 UD2 D6 4GB Nano LP 피씨디렉트,,274700,2몰,
16868867,GIGABYTE 라데온 RX 6400 EAGLE D6 4GB 피씨디렉트,,274700,2몰,
16873346,GIGABYTE 라데온 RX 6400 EAGLE D6 4GB 제이씨현,,232000,4몰,
16877018,SAPPHIRE 라데온 RX 6400 PULSE D6 4GB,,190870,129몰,
16917596,MSI 지포스 RTX 3080 벤투스 3X 플러스 OC D6X 12GB LHR (해외구매),,1210590,1몰,
16963706,갤럭시 갤라즈 GALAX 지포스 GT710 D3 2GB LP 무소음,,52960,115몰,
17017535,XFX 라데온 RX 6750 XT MERC 319 BLACK D6 12GB,,706650,1몰,
17017652,XFX 라데온 RX 6650 XT QICK 308 ULTRA D6 8GB,,411590,25몰,
17018366,GIGABYTE AORUS 라데온 RX 6750 XT ELITE D6 12GB 피씨디렉트,,1452990,3몰,
17019785,PowerColor 라데온 RX 6650 XT Red Devil D6 8GB,,672000,1몰,
17022452,ASRock 라데온 RX 6650 XT CHALLENGER D OC D6 8GB 디앤디컴,,619000,1몰,
17022707,NVIDIA RTX A2000 D6 12GB,,929810,89몰,
17023484,PowerColor 라데온 RX 6650 XT Hellhound D6 8GB,,623000,1몰,
17023763,NVIDIA T400 D6 4GB,,247400,90몰,
17032904,MSI 라데온 RX 6650 XT 메크 2X OC D6 8GB,,655000,1몰,
17038307,ASUS DUAL 라데온 RX 6750 XT O12G OC D6 12GB 대원씨티에스,,580800,1몰,
17074907,NVIDIA RTX A5000 D6 24GB (병행수입),,3036980,80몰,
17159732,이도디스플레이 지포스 RTX 3060 RAGE-X D6 12GB Dual,,475000,1몰,
17159912,이도디스플레이 지포스 GTX 1650 RAGE-X D6 4GB Dual,,244000,2몰,
17181830,지포스 GTX650 Ti D5 2GB (중고),,32930,1몰,
17187893,라데온 RX 6800 D6 16GB (중고),,487090,19몰,
17254454,라데온 RX 6700 XT D6 12GB (중고),,300230,44몰,
17292437,INNO3D 지포스 RTX 3070 D6 8GB TWIN X2 LHR,,1509440,1몰,
17305142,지포스 RTX 3090 D6X 24GB (중고),,1049890,24몰,
17311451,라데온 RX 6600 D6 8GB (중고),,199900,23몰,
17400194,갤럭시 갤라즈 GALAX 지포스 GTX 1630 EX BLACK OC D6 4GB,,288900,3몰,
17410514,MSI 지포스 RTX 3080 게이밍 Z 트리오 D6X 12GB 트라이프로져2 (해외구매),,2169410,1몰,
17413544,GIGABYTE 지포스 GTX 1630 UD2 OC D6 4GB 피씨디렉트,,345800,2몰,
17420300,ASRock 라데온 RX 6600 CHALLENGER D D6 8GB 대원씨티에스,,263930,152몰,
17434280,지포스 GTS450 (중고),,12890,15몰,
17466311,NVIDIA RTX A5500 D6 24GB,,5315200,5몰,
17484341,NVIDIA 쿼드로 P4000 D5 8GB (해외구매),,890000,2몰,
17511272,MSI 지포스 GTX 1630 에어로 ITX OC D6 4GB,,498000,1몰,
17528849,지포스 GT630 (중고),,15300,55몰,
17529758,NVIDIA RTX A6000 D6 48GB (병행수입),,6459990,56몰,
17536508,ASUS TUF Gaming 지포스 GTX 1630 O4G OC D6 4GB,,268000,1몰,
17658794,GIGABYTE 지포스 RTX 3060 WINDFORCE OC D6 12GB 피씨디렉트,,530390,3몰,
17658824,GIGABYTE 지포스 RTX 3060 WINDFORCE OC D6 12GB 제이씨현,,459700,1몰,
17742206,NVIDIA RTX A4500 D6 20GB (병행수입),,2383490,19몰,
17742275,NVIDIA RTX A2000 D6 12GB (병행수입),,660000,83몰,
17744411,NVIDIA RTX A4000 D6 16GB (병행수입),,1409590,94몰,
17747588,NVIDIA T400 D6 4GB (병행수입),,227480,69몰,
17752247,INNO3D 지포스 RTX 2060 SUPER OC D6 8GB TWIN X2,,2849610,3몰,
17783546,NVIDIA T1000 D6 8GB (병행수입),,583090,48몰,
17808290,NVIDIA T400 D6 2GB (병행수입),,234320,17몰,
17814695,지포스 GT730 (중고),,18860,117몰,
17818721,지포스 GT720 (중고),,22470,21몰,
17818937,지포스 GT620 (중고),,11500,49몰,
17944253,라데온 RX 5700 D6 8GB (중고),,183370,10몰,
17944463,라데온 RX 6600 XT D6 8GB (중고),,328000,4몰,
17969603,인텔 Arc A750 Limited Edition D6 8GB 피씨디렉트,,355000,4몰,
17969774,인텔 Arc A770 Limited Edition D6 16GB,,391270,80몰,
17973020,ASUS ROG STRIX 지포스 RTX 4090 O24G GAMING OC D6X 24GB 인텍앤컴퍼니,,4499000,3몰,
17973179,ASUS TUF Gaming 지포스 RTX 4090 O24G OC D6X 24GB 인텍앤컴퍼니,,3595960,3몰,
17973338,PNY 지포스 RTX 4090 VERTO D6X 24GB Triple 마이크로닉스,,3880000,2몰,
17973494,ZOTAC GAMING 지포스 RTX 4090 AMP EXTREME AIRO D6X 24GB (해외구매),,3544830,1몰,
17974463,GIGABYTE AORUS 지포스 RTX 4090 XTREME 워터포스 D6X 24GB 제이씨현,,3447550,2몰,
17974766,GIGABYTE 지포스 RTX 4090 GAMING OC D6X 24GB 제이씨현,,3639000,8몰,
17980988,이엠텍 지포스 RTX 4090 GAMEROCK D6X 24GB,,4049990,12몰,
17982338,MSI 지포스 RTX 4090 게이밍 X 트리오 D6X 24GB 트라이프로져3,,3576000,1몰,
17982347,GIGABYTE AORUS 지포스 RTX 4090 MASTER D6X 24GB 피씨디렉트,,4987900,2몰,
17982362,GIGABYTE 지포스 RTX 4090 GAMING OC D6X 24GB 피씨디렉트,,3909000,10몰,
17982368,GIGABYTE 지포스 RTX 4090 WINDFORCE D6X 24GB 피씨디렉트,,3200000,1몰,
18089009,PNY 지포스 RTX 3050 VERTO D6 8GB Dual 제이씨현,,423200,1몰,
18108812,이엠텍 지포스 RTX 4090 GAMEROCK OC D6X 24GB,,3941550,2몰,
18203561,라데온 RX 6800 XT D6 16GB (중고),,1442100,4몰,
18203591,라데온 RX 460 D5 4GB (중고),,57930,3몰,
18204497,GIGABYTE 지포스 RTX 3060 GAMING OC D6 8GB 피씨디렉트,,407060,9몰,
18206447,이도디스플레이 지포스 GTX 1660 SUPER RAGE-X D6 6GB Dual,,246880,24몰,
18225332,갤럭시 GALAX 지포스 GT730 D3 4GB LP,,70950,112몰,
18240317,갤럭시 갤라즈 BOY 지포스 GT730 D3 4GB LP,,66870,77몰,
18265574,TAGER 지포스 GT730 D3 1GB LP V2,,49020,72몰,
18279782,MSI 지포스 RTX 3060 벤투스 2X OC D6 8GB,,434000,7몰,
18298082,GIGABYTE 지포스 RTX 4080 GAMING OC D6X 16GB 제이씨현,,2150000,1몰,
18303365,GAINWARD 지포스 RTX 4080 팬텀 GS D6X 16GB,,3325000,1몰,
18303401,GAINWARD 지포스 RTX 4080 팬텀 D6X 16GB,,3325000,1몰,
18303731,갤럭시 갤라즈 GALAX 지포스 RTX 4080 SG OC D6X 16GB,,2980000,1몰,
18365978,GIGABYTE AORUS 지포스 RTX 4080 XTREME 워터블럭 D6X 16GB 피씨디렉트,,2584000,1몰,
18371351,갤럭시 갤라즈 GALAX 지포스 RTX 3060 Ti PLUS EX WHITE OC D6X 8GB,,885000,1몰,
18372296,COLORFUL 지포스 GT710 REVENGE D3 2GB LP,,46840,36몰,
18372479,COLORFUL iGame 지포스 RTX 4080 Neptune OC D6X 16GB,,3800000,2몰,
18372722,COLORFUL 지포스 RTX 4080 토마호크 EX OC D6X 16GB,,1966000,3몰,
18373166,COLORFUL iGame 지포스 RTX 4080 Advanced OC D6X 16GB,,2279000,4몰,
18373469,MSI 지포스 RTX 3060 Ti 게이밍 X 트리오 D6X 8GB 트라이프로져2,,1087600,1몰,
18406181,COLORFUL iGame 지포스 RTX 4080 ULTRA OC D6X 16GB White,,3800000,2몰,
18460016,COLORFUL iGame 지포스 RTX 4080 Vulcan OC D6X 16GB,,2532000,4몰,
18492827,GIGABYTE 라데온 RX 7900 XTX GAMING OC D6 24GB 피씨디렉트,,1691000,1몰,
18493601,ASUS TUF Gaming 라데온 RX 7900 XTX O24G OC D6 24GB 대원씨티에스,,1582640,8몰,
18493604,ASUS TUF Gaming 라데온 RX 7900 XT O20G OC D6 20GB 대원씨티에스,,1102900,95몰,
18519410,XFX 라데온 RX 7900 XTX MERC 310 BLACK D6 24GB,,1348490,101몰,
18529553,NVIDIA RTX A5000 D6 24GB (중고),,2493480,15몰,
18597635,TAGER 지포스 GTX 1650 K D6 4GB DUAL,,243930,1몰,
18647405,FORSA 지포스 RTX 3070 D6 8GB,,654000,1몰,
18650024,TAGER 지포스 GTX 1660 SUPER K D6 6GB,,257170,67몰,
18669140,PNY XLR8 지포스 RTX 4070 Ti VERTO EPIC-X RGB TF OC D6X 12GB 마이크로닉스,,1209350,1몰,
18669413,ZOTAC GAMING 지포스 RTX 4070 Ti Trinity OC D6X 12GB,,1075900,1몰,
18670235,GIGABYTE AORUS 지포스 RTX 4070 Ti MASTER D6X 12GB 제이씨현,,1348920,1몰,
18670910,PNY XLR8 지포스 RTX 4070 Ti VERTO EPIC-X RGB TF OC D6X 12GB 제이씨현,,1300000,2몰,
18675851,갤럭시 갤라즈 GALAX 지포스 RTX 4070 Ti SG OC D6X 12GB,,1180170,4몰,
18676286,갤럭시 갤라즈 BOY 지포스 RTX 4070 Ti ST D6X 12GB,,1489990,1몰,
18681557,GIGABYTE 지포스 RTX 4070 Ti GAMING OC D6X 12GB 피씨디렉트,,1472640,1몰,
18682010,INNO3D 지포스 RTX 4070 Ti OC D6X 12GB X3,,1102000,1몰,
18682304,INNO3D iChiLL 지포스 RTX 4070 Ti D6X 12GB X3,,1495170,1몰,
18682472,ASUS TUF Gaming 지포스 RTX 4070 Ti O12G OC D6X 12GB 인텍앤컴퍼니,,1106480,3몰,
18682532,ASUS ROG STRIX 지포스 RTX 4070 Ti GAMING D6X 12GB 인텍앤컴퍼니,,1533990,3몰,
18682598,ASUS ROG STRIX 지포스 RTX 4070 Ti O12G GAMING OC D6X 12GB 인텍앤컴퍼니,,1401750,12몰,
18686546,MSI 지포스 RTX 4070 Ti 벤투스 3X OC D6X 12GB,,1369100,3몰,
18704651,SAPPHIRE 라데온 RX 7900 XTX NITRO+ Vapor-X OC D6 24GB,,1527000,135몰,
18713942,GIGABYTE 지포스 RTX 3060 Ti GAMING OC D6X 8GB 피씨디렉트,,1850000,2몰,
18726575,COLORFUL iGame 지포스 RTX 4070 Ti Neptune OC D6X 12GB,,1490000,2몰,
18751322,INNO3D 지포스 GTX 1650 OC D6 4GB TWIN X2,,246000,1몰,
18763643,PNY 지포스 RTX 3070 Ti UPRISING D6X 8GB Triple 제이씨현,,889000,1몰,
18763670,COLORFUL 지포스 RTX 4070 Ti 토마호크 EX D6X 12GB,,1202700,1몰,
18767216,이엠텍 지포스 GTX 1660 SUPER MIRACLE II D6 6GB,,269070,179몰,
18776426,MSI 지포스 GT710 D3 1GB LP 무소음 V2,,50010,6몰,
18780494,SAPPHIRE 라데온 RX 7900 XTX PULSE OC D6 24GB,,1678000,3몰,
18798842,COLORFUL 지포스 RTX 3060 토마호크 DUO D6 8GB,,442000,1몰,
18827369,ARKTEK 지포스 GT730 D3 2GB LP,,76860,3몰,
18894038,COLORFUL iGame 지포스 RTX 4070 Ti Advanced OC D6X 12GB,,1350000,2몰,
18955649,PNY 지포스 RTX 3070 Ti VERTO D6X 8GB Triple 제이씨현,,797000,2몰,
18964661,MANLI 지포스 RTX 4070 Ti Gallardo D6X 12GB,,1219770,1몰,
19047491,MSI 지포스 RTX 3060 Ti 벤투스 2X OC D6X 8GB,,901400,1몰,
19059974,갤럭시 GALAX 지포스 RTX 4070 Ti EX GAMER BLACK OC D6X 12GB,,1180170,2몰,
19061414,MANLI 지포스 RTX 3090 Gallardo D6X 24GB,,2410000,2몰,
19080056,GAINWARD 지포스 RTX 4070 Ti 피닉스 GS D6X 12GB,,1452000,1몰,
19121474,GIGABYTE 지포스 RTX 4090 AERO OC D6X 24GB 제이씨현,,7700000,1몰,
19131179,이엠텍 지포스 GTX 1050 Ti MIRACLE II D5 4GB,,181950,165몰,
19170332,이도디스플레이 지포스 RTX 4070 Ti RAGE-X D6X 12GB Triple,,1146010,1몰,
19202141,인텔 Arc A750 Limited Edition D6 8GB (해외구매),,443300,19몰,
19228277,XFX 라데온 RX 6700 SWFT 309 CORE D6 10GB,,440000,4몰,
19229264,GIGABYTE 지포스 RTX 4090 AERO OC D6X 24GB 피씨디렉트,,4210800,3몰,
19242809,이엠텍 지포스 GTX 1650 MIRACLE NEW D6 4GB,,342300,5몰,
19305539,ASUS DUAL 지포스 RTX 3060 O8G OC D6 8GB,,490990,2몰,
19305686,ASUS DUAL 지포스 RTX 3060 O8G OC D6 8GB White,,465500,1몰,
19321322,MSI 지포스 RTX 3050 벤투스 2X OC V1 D6 8GB,,547580,1몰,
19356944,MANLI 지포스 RTX 3050 Gallardo D6 8GB,,365400,1몰,
19393388,NVIDIA RTX 6000 Ada Generation D6 48GB,,11180000,87몰,
19406951,TAGER 지포스 GTX 1660 TI K D6 6GB,,265990,69몰,
19407401,FORSA 지포스 GTX 1660 Ti Gaming K D6 6GB,,266700,48몰,
19563881,AFOX 지포스 GTX 1650 H1 D6 4GB DUAL 대원씨티에스,,263000,1몰,
19642520,GIGABYTE 지포스 RTX 3060 GAMING OC V2 D6 8GB 제이씨현,,451000,7몰,
19644539,GIGABYTE 지포스 RTX 4070 Ti WINDFORCE OC D6X 12GB 제이씨현,,1279000,1몰,
19702460,이엠텍 지포스 RTX 4080 BLACK STORM D6X 16GB,,2000000,2몰,
19714703,ZOTAC GAMING 지포스 RTX 4070 TWIN Edge OC D6X 12GB,,839790,7몰,
19751759,이엠텍 지포스 RTX 4070 GAMINGPRO OC D6X 12GB,,1180000,2몰,
19755944,이엠텍 지포스 RTX 4070 STORM X Dual OC D6X 12GB,,990000,3몰,
19756001,이엠텍 지포스 RTX 4070 STORM X Dual D6X 12GB,,990000,2몰,
19756553,ASUS DUAL 지포스 RTX 4070 D6X 12GB 인텍앤컴퍼니,,1006460,1몰,
19756607,ASUS TUF Gaming 지포스 RTX 4070 O12G OC D6X 12GB 인텍앤컴퍼니,,945000,1몰,
19756610,PNY 지포스 RTX 4070 VERTO D6X 12GB Dual 제이씨현,,1023000,1몰,
19768010,GIGABYTE 지포스 RTX 4070 AERO OC D6X 12GB 피씨디렉트,,1187990,5몰,
19768451,GIGABYTE 지포스 RTX 4070 GAMING OC D6X 12GB 피씨디렉트,,928990,6몰,
19768865,GIGABYTE 지포스 RTX 4070 EAGLE OC D6X 12GB 피씨디렉트,,975980,4몰,
19769636,GIGABYTE 지포스 RTX 4070 WINDFORCE OC D6X 12GB 피씨디렉트,,840540,9몰,
19771367,GIGABYTE 지포스 RTX 4070 AERO OC D6X 12GB 제이씨현,,932000,1몰,
19771712,GIGABYTE 지포스 RTX 4070 EAGLE OC D6X 12GB 제이씨현,,1026780,2몰,
19772036,GIGABYTE 지포스 RTX 4070 WINDFORCE OC D6X 12GB 제이씨현,,827840,115몰,
19773158,GAINWARD 지포스 RTX 4070 고스트 D6X 12GB,,940000,4몰,
19773293,갤럭시 GALAX 지포스 RTX 4070 EX GAMER WHITE OC D6X 12GB,,896980,137몰,
19773425,갤럭시 GALAX 지포스 RTX 4070 EX GAMER BLACK OC D6X 12GB,,881440,19몰,
19773899,COLORFUL 지포스 RTX 4070 토마호크 EX D6X 12GB,,817000,7몰,
19774091,COLORFUL iGame 지포스 RTX 4070 Vulcan OC D6X 12GB,,1189000,1몰,
19774127,INNO3D iChiLL 지포스 RTX 4070 D6X 12GB X3,,845010,3몰,
19774196,COLORFUL iGame 지포스 RTX 4070 Neptune OC D6X 12GB,,810120,84몰,
19781519,MSI 지포스 RTX 4070 벤투스 2X OC D6X 12GB,,848990,8몰,
20000699,PNY XLR8 지포스 RTX 4070 VERTO EPIC-X RGB TF D6X 12GB 마이크로닉스,,962910,2몰,
20020334,ASRock 라데온 RX 7900 XTX Taichi White OC D6 24GB 디앤디컴,,1839990,3몰,
20034776,갤럭시 지포스 RTX 3080 D6X 10GB (무상보증표기 중고),,613240,4몰,
20034971,이엠텍 지포스 RTX 3080 D6X 10GB (무상보증표기 중고),,602250,1몰,
20035115,PNY 지포스 RTX 3080 Ti D6X 12GB (무상보증표기 중고),,706970,3몰,
20035289,갤럭시 지포스 RTX 3080 Ti D6X 12GB (무상보증표기 중고),,744050,4몰,
20035334,GIGABYTE 지포스 RTX 3080 Ti D6X 12GB (무상보증표기 중고),,733320,2몰,
20035364,GIGABYTE 지포스 RTX 3070 Ti D6X 8GB (무상보증표기 중고),,483000,2몰,
20035430,갤럭시 지포스 RTX 3070 Ti D6X 8GB (무상보증표기 중고),,425240,11몰,
20035478,MSI 지포스 RTX 3070 Ti D6X 8GB (무상보증표기 중고),,478970,1몰,
20035571,ZOTAC 지포스 RTX 3070 Ti D6X 8GB (무상보증표기 중고),,450000,2몰,
20035979,이엠텍 지포스 RTX 3070 D6 8GB (무상보증표기 중고),,449330,1몰,
20036189,COLORFUL 지포스 RTX 3060 Ti D6 8GB (무상보증표기 중고),,363150,4몰,
20036573,ASUS 지포스 RTX 3060 Ti D6 8GB (무상보증표기 중고),,381690,6몰,
20036627,EVGA 지포스 RTX 3060 Ti D6 8GB (무상보증표기 중고),,365960,2몰,
20037923,이엠텍 지포스 RTX 3060 Ti D6 8GB (무상보증표기 중고),,369330,11몰,
20037944,MSI 지포스 RTX 3060 Ti D6 8GB (무상보증표기 중고),,381690,2몰,
20038811,갤럭시 지포스 RTX 3060 Ti D6 8GB (무상보증표기 중고),,387870,4몰,
20038838,GIGABYTE 지포스 RTX 3060 Ti D6 8GB (무상보증표기 중고),,387870,2몰,
20039234,ASUS 지포스 RTX 3060 D6 12GB (무상보증표기 중고),,375510,5몰,
20039243,갤럭시 지포스 RTX 3060 D6 12GB (무상보증표기 중고),,310000,3몰,
20039255,GIGABYTE 지포스 RTX 3060 D6 12GB (무상보증표기 중고),,371020,4몰,
20039558,MSI 지포스 GTX 1660 SUPER D6 6GB (무상보증표기 중고),,201000,1몰,
20099003,COLORFUL 지포스 RTX 3050 토마호크 DUO V2 D6 8GB,,325000,2몰,
20145302,PowerColor 라데온 RX 6700 XT Fighter D6 12GB,,498390,1몰,
20205989,ASUS ROG STRIX 지포스 RTX 4090 O24G GAMING OC D6X 24GB White 인텍앤컴퍼니,,3999000,1몰,
20243312,갤럭시 GALAX 지포스 RTX 4070 3X OC D6X 12GB,,1008990,3몰,
20274611,이엠텍 지포스 RTX 4060 Ti STORM X Dual D6 8GB,,619770,16몰,
20274764,이엠텍 지포스 RTX 4060 Ti STORM X Dual OC D6 8GB,,603000,64몰,
20283929,ASUS DUAL 지포스 RTX 4060 Ti O8G OC D6 8GB 인텍앤컴퍼니,,694000,2몰,
20285345,ASUS TUF Gaming 지포스 RTX 4060 Ti O8G OC D6 8GB 인텍앤컴퍼니,,823550,1몰,
20297774,갤럭시 GALAX 지포스 RTX 4060 Ti OC D6 8GB,,620990,8몰,
20297981,갤럭시 GALAX 지포스 RTX 4060 Ti EX WHITE OC D6 8GB,,649000,14몰,
20298116,갤럭시 GALAX 지포스 RTX 4060 Ti EX BLACK OC D6 8GB,,644990,105몰,
20301020,GIGABYTE 지포스 RTX 4060 Ti AERO OC D6 8GB 제이씨현,,742490,3몰,
20301539,GIGABYTE 지포스 RTX 4060 Ti GAMING OC D6 8GB 제이씨현,,658610,7몰,
20302307,XFX 라데온 RX 7600 QICK 308 BLACK D6 8GB,,393590,105몰,
20302601,XFX 라데온 RX 7600 SWFT 210 CORE D6 8GB,,379130,92몰,
20306699,GIGABYTE 지포스 RTX 4060 Ti EAGLE D6 8GB 피씨디렉트,,722690,4몰,
20306750,GIGABYTE 지포스 RTX 4060 Ti EAGLE OC D6 8GB 피씨디렉트,,732590,9몰,
20306843,GIGABYTE 지포스 RTX 4060 Ti GAMING OC D6 8GB 피씨디렉트,,626900,18몰,
20307335,PNY 지포스 RTX 4060 Ti VERTO D6 8GB Dual 제이씨현,,705850,1몰,
20308373,ZOTAC GAMING 지포스 RTX 4060 Ti TWIN Edge D6 8GB,,606380,141몰,
20312384,MANLI 지포스 RTX 4060 Ti Rush D6 8GB,,626580,3몰,
20312969,MSI 지포스 RTX 4060 Ti 벤투스 2X 블랙 OC D6 8GB,,617990,27몰,
20315144,SAPPHIRE 라데온 RX 7600 PULSE OC D6 8GB,,353870,137몰,
20316224,INNO3D 지포스 RTX 4060 Ti D6 8GB TWIN X2,,643490,4몰,
20316869,INNO3D 지포스 RTX 4060 Ti OC D6 8GB TWIN X2,,600000,24몰,
20317271,INNO3D 지포스 RTX 4060 Ti OC D6 8GB TWIN X2 WHITE,,584630,24몰,
20324885,ASUS DUAL 라데온 RX 7600 O8G OC D6 8GB,,359000,6몰,
20337332,AMD 라데온 PRO W7800 D6 32GB,,2990000,40몰,
20338328,AMD 라데온 PRO W7900 D6 48GB,,4970000,36몰,
20350115,GIGABYTE 라데온 RX 7600 GAMING OC D6 8GB 제이씨현,,355840,66몰,
20420219,리드텍 WinFast 지포스 RTX 4070 HURRICANE D6X 12GB,,905100,1몰,
20441837,MSI 지포스 RTX 4060 Ti 게이밍 X D6 8GB 트윈프로져9,,621080,44몰,
20442353,ASUS DUAL 지포스 RTX 4060 Ti O8G OC D6 8GB White 인텍앤컴퍼니,,648990,5몰,
20484905,리드텍 WinFast 지포스 RTX 4070 AI BLOWER D6X 12GB,,923770,35몰,
20486711,ASRock 라데온 RX 7600 스틸레전드 OC D6 8GB 디앤디컴,,524000,1몰,
20488454,ASRock 라데온 RX 7600 CHALLENGER OC D6 8GB 디앤디컴,,379000,5몰,
20490716,INNO3D 지포스 RTX 4090 OC D6X 24GB X3 WHITE,,3479000,1몰,
20501000,ASUS ProArt 지포스 RTX 4080 O16G OC D6X 16GB 인텍앤컴퍼니,,1760000,2몰,
20512307,GIGABYTE 지포스 RTX 4090 WINDFORCE V2 D6X 24GB 제이씨현,,3930000,11몰,
20564615,ZOTAC GAMING 지포스 RTX 4060 Ti TWIN Edge OC D6 8GB White,,618940,152몰,
20572868,갤럭시 GALAX 지포스 RTX 4080 SG OC V2 D6X 16GB,,1879410,1몰,
20574368,COLORFUL 지포스 RTX 4060 Ti 토마호크 DUO D6 8GB,,617910,7몰,
20575781,COLORFUL iGame 지포스 RTX 4060 Ti ULTRA DUO OC D6 8GB White,,609000,4몰,
20611055,GIGABYTE 지포스 RTX 4060 Ti WINDFORCE OC D6 8GB 피씨디렉트,,626990,28몰,
20668676,APPLE 라데온 PRO W6800X MPX 모듈 MJ073KH/A D6 32GB,,3780000,1몰,
20669366,갤럭시 BOY 지포스 RTX 4070 2X D6X 12GB,,775000,1몰,
20687210,TAGER 지포스 GT710 D3 2GB LP,,49130,54몰,
20687381,FORSA 지포스 GT710 D3 2GB LP,,50590,49몰,
20696243,ASUS DUAL 지포스 RTX 4060 O8G OC D6 8GB 인텍앤컴퍼니,,448540,7몰,
20712029,ASUS DUAL 지포스 RTX 4060 O8G OC D6 8GB White 인텍앤컴퍼니,,454990,40몰,
20715029,PNY 지포스 RTX 4060 VERTO D6 8GB Dual 제이씨현,,450000,94몰,
20722592,GIGABYTE 지포스 RTX 4060 AERO OC D6 8GB 제이씨현,,528160,7몰,
20722811,GIGABYTE 지포스 RTX 4060 EAGLE OC D6 8GB 제이씨현,,523000,11몰,
20722934,GIGABYTE 지포스 RTX 4060 GAMING OC D6 8GB 제이씨현,,469410,26몰,
20723066,GIGABYTE 지포스 RTX 4060 WINDFORCE OC D6 8GB 제이씨현,,431950,213몰,
20723405,이엠텍 지포스 RTX 4060 STORM X Dual D6 8GB,,446300,21몰,
20729204,MANLI 지포스 RTX 4060 Rush D6 8GB,,448940,9몰,
20729429,갤럭시 GALAX 지포스 RTX 4060 EX WHITE OC D6 8GB,,528810,157몰,
20730242,갤럭시 GALAX 지포스 RTX 4060 EX BLACK OC D6 8GB,,526990,134몰,
20730374,갤럭시 GALAX 지포스 RTX 4060 2X OC D6 8GB,,473990,1몰,
20730644,GIGABYTE 지포스 RTX 4060 Ti WINDFORCE OC D6 8GB 제이씨현,,625730,33몰,
20732270,COLORFUL 지포스 RTX 4060 토마호크 DUO D6 8GB,,462000,3몰,
20732372,COLORFUL iGame 지포스 RTX 4060 ULTRA OC D6 8GB White,,460940,56몰,
20732459,GIGABYTE 지포스 RTX 4060 AERO OC D6 8GB 피씨디렉트,,483910,104몰,
20732576,GIGABYTE 지포스 RTX 4060 EAGLE OC D6 8GB 피씨디렉트,,474080,12몰,
20732588,GIGABYTE 지포스 RTX 4060 GAMING OC D6 8GB 피씨디렉트,,469690,116몰,
20732597,GIGABYTE 지포스 RTX 4060 WINDFORCE OC D6 8GB 피씨디렉트,,437000,69몰,
20733509,INNO3D 지포스 RTX 4060 D6 8GB TWIN X2,,484880,3몰,
20733545,INNO3D 지포스 RTX 4060 OC D6 8GB TWIN X2,,407000,83몰,
20734052,PNY 지포스 RTX 4060 VERTO D6 8GB Dual 마이크로닉스,,426000,2몰,
20740013,MSI 지포스 RTX 4060 벤투스 2X 블랙 OC D6 8GB,,438480,189몰,
20775779,갤럭시 GALAX 지포스 RTX 4070 2X D6X 12GB,,829000,11몰,
20807324,NVIDIA RTX 4000 SFF Ada Generation D6 20GB,,2220000,3몰,
21196742,PowerColor 라데온 RX 7600 Fighter D6 8GB,,395000,1몰,
21446195,ZOTAC GAMING 지포스 RTX 4060 TWIN Edge OC D6 8GB,,437880,164몰,
21455288,ZOTAC GAMING 지포스 RTX 4060 TWIN Edge OC D6 8GB White,,453990,138몰,
21458333,NVIDIA A100 HBM2e 80GB PCIe,,29259990,65몰,
21538472,AFOX 지포스 RTX 3090 D6 24GB 대원씨티에스,,2342030,106몰,
21539150,AFOX 지포스 RTX 3080 D6X 10GB 대원씨티에스,,1151100,1몰,
21540362,AFOX 지포스 RTX 3070 D6 8GB 대원씨티에스,,578700,105몰,
21540593,AFOX 지포스 RTX 3060 Ti D6 8GB 대원씨티에스,,502000,1몰,
21540671,AFOX 지포스 RTX 3060 D6 12GB 대원씨티에스,,384000,1몰,
21629063,갤럭시 GALAX 지포스 RTX 4070 Ti EX GAMER WHITE OC V2 D6X 12GB,,1419000,1몰,
21638597,갤럭시 BOY 지포스 RTX 4060 2X OC D6 8GB,,555750,1몰,
21638735,갤럭시 BOY 지포스 RTX 4060 Ti OC D6 8GB,,641000,2몰,
21771362,ASUS DUAL 지포스 RTX 4070 O12G OC D6X 12GB White 인텍앤컴퍼니,,852000,1몰,
24132470,ASUS 지포스 RTX 3070 Ti D6X 8GB (무상보증표기 중고),,482250,1몰,
24132542,ASUS 지포스 RTX 3070 D6 8GB (무상보증표기 중고),,410340,4몰,
24132569,ZOTAC 지포스 RTX 3080 Ti D6X 12GB (무상보증표기 중고),,738200,3몰,
24141887,인텔 Arc A750 Limited Edition D6 8GB 코잇,,355000,1몰,
24703415,이엠텍 지포스 RTX 4060 MIRACLE BLACK D6 8GB,,372100,74몰,
25639058,갤럭시 GALAX 지포스 RTX 4070 Ti EX GAMER BLACK OC V2 D6X 12GB,,1228990,6몰,
26035931,AMD 라데온 PRO W7600 D6 8GB,,919900,31몰,
26036747,AMD 라데온 PRO W7500 D6 8GB,,655390,33몰,
27161939,이엠텍 지포스 RTX 4060 STORM X Dual OC D6 8GB,,441110,206몰,
27263297,PNY XLR8 지포스 RTX 4060 Ti VERTO EPIC-X RGB TF OC D6 16GB 마이크로닉스,,809040,2몰,
27341792,ASUS DUAL 지포스 RTX 4060 Ti O16G OC D6 16GB 인텍앤컴퍼니,,864000,1몰,
27344411,ASUS ProArt 지포스 RTX 4060 Ti O16G OC D6 16GB 인텍앤컴퍼니,,928070,1몰,
27507680,이엠텍 지포스 RTX 4060 MIRACLE WHITE D6 8GB,,451750,53몰,
27521411,갤럭시 지포스 RTX 3090 D6X 24GB (무상보증표기 중고),,1210340,7몰,
27546905,ASRock 라데온 RX 7600 CHALLENGER OC D6 8GB 대원씨티에스,,339740,138몰,
27548027,MSI 지포스 RTX 4060 Ti 게이밍 X D6 16GB 트윈프로져9,,901620,1몰,
27548141,MSI 지포스 RTX 4060 Ti 벤투스 2X 블랙 OC D6 16GB,,678990,53몰,
27549911,갤럭시 BOY 지포스 RTX 4060 EX OC D6 8GB,,499120,85몰,
27550316,갤럭시 BOY 지포스 RTX 4060 Ti EX OC D6 8GB,,644990,63몰,
27607808,COLORFUL iGame 지포스 RTX 4060 ULTRA DUO OC D6 8GB White,,436880,89몰,
27607982,GIGABYTE 지포스 RTX 4090 WINDFORCE V2 D6X 24GB 피씨디렉트,,3779000,5몰,
27613427,이엠텍 지포스 RTX 4060 Ti MIRACLE WHITE D6 8GB,,611520,83몰,
27630638,ASRock 라데온 RX 6650 XT 스틸레전드 화이트 OC D6 8GB 에즈윈,,374390,64몰,
27672485,SPARKLE Arc A750 ORC OC D6 8GB,,314400,9몰,
27672560,SPARKLE Arc A750 TITAN OC D6 8GB,,349650,12몰,
27729977,GIGABYTE 지포스 RTX 4060 UD2 OC D6 8GB Nano LP 제이씨현,,464750,158몰,
27734669,ASUS ProArt 지포스 RTX 4060 O8G OC D6 8GB 인텍앤컴퍼니,,602000,2몰,
27805961,이도디스플레이 지포스 GTX 1660 SUPER RAGE-X D6 6GB,,247850,40몰,
27896360,ASUS 지포스 GT730 4H SL D5 2GB,,144000,43몰,
27914393,이도디스플레이 지포스 GTX 1660 SUPER RAGE-X II D6 6GB,,249520,71몰,
27944195,MSI 지포스 GTX 1650 벤투스 XS OC V3 D6 4GB,,333900,2몰,
27944384,MSI 지포스 RTX 3050 벤투스 2X XS OC D6 8GB,,313690,185몰,
27983903,ASUS DUAL 라데온 RX 560 D5 4GB,,138000,1몰,
28030553,XFX 라데온 RX 7800 XT MERC 319 BLACK D6 16GB,,814000,8몰,
28030793,XFX 라데온 RX 7700 XT QICK 319 BLACK D6 12GB,,663880,120몰,
28031723,XFX 라데온 RX 7800 XT QICK 319 CORE D6 16GB,,795000,9몰,
28031855,PNY XLR8 지포스 RTX 4060 VERTO OC D6 8GB Dual White Edition 마이크로닉스,,460900,1몰,
28057016,ASUS TUF Gaming 라데온 RX 7800 XT O16G OC D6 16GB,,791740,11몰,
28057739,SAPPHIRE 라데온 RX 7800 XT NITRO+ OC D6 16GB,,747960,158몰,
28057757,SAPPHIRE 라데온 RX 7800 XT PULSE D6 16GB,,715990,157몰,
28057922,SAPPHIRE 라데온 RX 7700 XT PULSE D6 12GB,,573990,155몰,
28057940,SAPPHIRE 라데온 RX 7700 XT PURE OC D6 12GB,,698990,7몰,
28154195,PowerColor 라데온 RX 7700 XT Fighter D6 12GB,,658990,5몰,
28182503,PowerColor 라데온 RX 7800 XT Red Devil D6 16GB,,786000,1몰,
28183919,GIGABYTE 라데온 RX 7800 XT GAMING OC D6 16GB 제이씨현,,799000,1몰,
28239299,MSI 지포스 RTX 4070 Ti 게이밍 X 슬림 D6X 12GB 트라이프로져3,,1178780,1몰,
28239446,MSI 지포스 RTX 4070 Ti 벤투스 3X E OC D6X 12GB,,1450000,1몰,
28275152,GIGABYTE 라데온 RX 7700 XT GAMING OC D6 12GB 피씨디렉트,,554810,43몰,
28275203,GIGABYTE 라데온 RX 7800 XT GAMING OC D6 16GB 피씨디렉트,,709990,36몰,
28371437,STCOM 지포스 RTX 4060 D6 8GB,,497420,1몰,
28371956,STCOM 지포스 RTX 3060 D6 12GB,,388990,7몰,
28391003,ASRock 라데온 RX 7800 XT CHALLENGER OC D6 16GB 디앤디컴,,730430,2몰,
28391189,ASRock 라데온 RX 7700 XT CHALLENGER OC D6 12GB 디앤디컴,,669000,8몰,
28391342,ASRock 라데온 RX 7800 XT 스틸레전드 OC D6 16GB 디앤디컴,,863550,1몰,
28391510,ASRock 라데온 RX 7700 XT 스틸레전드 OC D6 12GB 디앤디컴,,711490,54몰,
28391813,STCOM 지포스 RTX 2060 SUPER D6 8GB,,336000,94몰,
28391915,STCOM 지포스 GTX 1660 SUPER D6 6GB,,257950,92몰,
28392092,STCOM 지포스 GT730 D5 2GB LP,,64470,1몰,
28392353,STCOM 라데온 RX 580 2048SP D5 8GB,,132070,3몰,
28447385,SAPPHIRE 라데온 RX 7800 XT PURE OC D6 16GB,,740680,13몰,
28559993,ASRock 라데온 RX 7700 XT CHALLENGER OC D6 12GB 에즈윈,,715270,6몰,
28560308,ASRock 라데온 RX 7700 XT 스틸레전드 OC D6 12GB 에즈윈,,750370,8몰,
28560401,ASRock 라데온 RX 7800 XT CHALLENGER OC D6 16GB 에즈윈,,808360,3몰,
28624916,AFOX 지포스 GT1030 L5 D5 2GB LP 디앤디컴,,94590,75몰,
28629566,PNY XLR8 지포스 RTX 4060 Ti VERTO Gaming OC 8GB Dual 제이씨현,,634840,1몰,
28775036,GIGABYTE AORUS 지포스 RTX 4090 D6X 24GB Gaming Box 제이씨현,,3713550,4몰,
28809323,액슬 지포스 G210 D3 1GB 에즈윈,,24260,107몰,
28809503,액슬 지포스 GT1030 D5 2GB 에즈윈,,96490,113몰,
28809677,액슬 지포스 GT730 클래식 D3 2GB 에즈윈,,51600,135몰,
28810250,액슬 지포스 GTX1050 Ti D5 4GB 에즈윈,,171990,139몰,
28810352,액슬 지포스 GTX 1660 SUPER D6 6GB 에즈윈,,265990,8몰,
28810754,액슬 지포스 RTX 3060 Ti D6 8GB 에즈윈,,567860,1몰,
28828910,MSI 지포스 RTX 4090 게이밍 X 슬림 D6X 24GB 트라이프로져3,,3778370,8몰,
28862567,GIGABYTE 지포스 RTX 4060 Ti WINDFORCE OC D6 16GB 제이씨현,,671030,1몰,
28862756,ASUS ProArt 지포스 RTX 4070 O12G OC D6X 12GB 인텍앤컴퍼니,,965990,9몰,
28863059,ASUS DUAL 지포스 GTX 1650 P EVO D6 4GB,,247420,6몰,
29394098,XFX 라데온 RX 6750 XT QICK 319 CORE D6 12GB,,538200,1몰,
29401763,PowerColor 라데온 RX 7900 XTX Hellhound D6 24GB,,1396230,6몰,
29402165,STCOM 라데온 RX 580 2048SP Gaming D5 8GB,,123480,103몰,
29759006,GIGABYTE 지포스 RTX 4070 WINDFORCE 2X OC D6X 12GB 피씨디렉트,,1184490,1몰,
29825429,TAGER 지포스 GTX 1660 SUPER Dual D6 6GB,,255280,1몰,
29825738,MSI 지포스 RTX 4080 게이밍 X 슬림 D6X 16GB 트라이프로져3,,1899000,1몰,
29862491,STCOM 지포스 RTX 4060 Ti D6 8GB,,877900,2몰,
29935334,MAXSUN 지포스 RTX 4060 Ti 터미네이터 D6 8GB 스노우화이트,,672590,1몰,
29935895,MAXSUN 지포스 RTX 4060 터미네이터 D6 8GB 스노우화이트,,470000,2몰,
29936072,MAXSUN 지포스 GTX1050 Ti 터미네이터 D5 4GB,,190000,2몰,
29937548,MAXSUN 지포스 GT730 파워해머 SI D3 2GB LP,,55390,65몰,
29937770,MAXSUN 지포스 GT730 파워해머 SI D3 1GB LP,,60970,2몰,
29952371,이도디스플레이 지포스 GTX 1660 SUPER RAGE-X II D6 6GB DUAL,,245040,102몰,
29980142,AMD 라데온 PRO W7700 D6 16GB,,1529790,22몰,
30099641,이엠텍 지포스 RTX 4070 MIRACLE BLACK D6X 12GB,,990000,2몰,
30105218,액슬 라데온 RX 580 2048SP D5 8GB R2 에즈윈,,127000,148몰,
30105551,SPARKLE Arc A770 TITAN OC D6 16GB,,443090,55몰,
30187658,GIGABYTE 지포스 GTX 1650 UD2 OC V4 D6 4GB 제이씨현,,254520,1몰,
30190862,ASUS ROG MATRIX PLATINUM 지포스 RTX 4090 GAMING D6X 24GB 인텍앤컴퍼니,,5461550,3몰,
30248600,ASRock 라데온 RX 7800 XT CHALLENGER OC D6 16GB 대원씨티에스,,679990,96몰,
30250979,갤럭시 BOY 지포스 RTX 4070 EX GAMER BLACK OC D6X 12GB,,882000,1몰,
31279706,MSI 라데온 RX 6800 게이밍 Z 트리오 D6 16GB 트라이프로져2,,679360,1몰,
31359821,XFX 라데온 RX 7800 XT QICK 319 CORE WHITE D6 16GB,,824990,10몰,
31959266,MSI 지포스 RTX 4070 벤투스 2X E OC D6X 12GB,,838980,104몰,
32000918,갤럭시 GALAX 지포스 RTX 4060 1X DUAL D6 8GB,,508250,2몰,
32039975,ZOTAC GAMING 지포스 RTX 4070 SUPER TWIN Edge OC D6X 12GB,,925980,29몰,
32071031,SPARKLE Arc A310 ELF D6 4GB,,163020,17몰,
32076674,액슬 지포스 RTX 3070 Ti D6X 8GB 에즈윈,,652850,119몰,
32127929,PNY 지포스 RTX 4090 VERTO D6X 24GB Triple 제이씨현,,2975000,4몰,
32468312,이엠텍 지포스 RTX 4070 SUPER STORM X Dual OC D6X 12GB,,923430,41몰,
32468369,이엠텍 지포스 RTX 4070 SUPER STORM X Dual D6X 12GB,,928990,12몰,
32492576,PNY 지포스 RTX 4070 SUPER VERTO OC D6X 12GB DF 제이씨현,,935000,6몰,
32493581,GIGABYTE AORUS 지포스 RTX 4070 SUPER MASTER D6X 12GB 제이씨현,,1075860,121몰,
32493662,GIGABYTE 지포스 RTX 4070 SUPER AERO OC D6X 12GB 제이씨현,,1123390,7몰,
32493785,GIGABYTE 지포스 RTX 4070 SUPER GAMING OC D6X 12GB 제이씨현,,1014970,41몰,
32493887,GIGABYTE 지포스 RTX 4070 SUPER EAGLE OC D6X 12GB 제이씨현,,980000,6몰,
32493998,GIGABYTE 지포스 RTX 4070 SUPER WINDFORCE OC D6X 12GB 제이씨현,,948560,84몰,
32494400,GIGABYTE AORUS 지포스 RTX 4070 SUPER MASTER D6X 12GB 피씨디렉트,,1109990,96몰,
32494436,GIGABYTE 지포스 RTX 4070 SUPER AERO OC D6X 12GB 피씨디렉트,,1286980,6몰,
32494469,GIGABYTE 지포스 RTX 4070 SUPER EAGLE OC D6X 12GB 피씨디렉트,,1079990,19몰,
32494484,GIGABYTE 지포스 RTX 4070 SUPER GAMING OC D6X 12GB 피씨디렉트,,1013610,40몰,
32494520,GIGABYTE 지포스 RTX 4070 SUPER WINDFORCE OC D6X 12GB 피씨디렉트,,948360,39몰,
32503409,STCOM 지포스 RTX 4070 SUPER D6X 12GB,,901590,16몰,
32503874,GIGABYTE 지포스 RTX 4060 UD2 D6 8GB 피씨디렉트,,781300,1몰,
32663822,GAINWARD 지포스 RTX 4070 SUPER 고스트 D6X 12GB,,918980,30몰,
32688719,INNO3D 지포스 RTX 4070 SUPER D6X 12GB TWIN X2,,1094520,1몰,
32717288,MANLI 지포스 RTX 4070 SUPER Rush D6X 12GB,,1105330,1몰,
32844263,갤럭시 GALAX 지포스 RTX 4070 SUPER 2X D6X 12GB,,977790,123몰,
32844542,갤럭시 BOY 지포스 RTX 4070 SUPER 2X D6X 12GB,,966000,45몰,
32846312,ASUS ROG STRIX 지포스 RTX 4070 SUPER O12G GAMING OC D6X 12GB 인텍앤컴퍼니,,1198360,25몰,
32846327,ASUS TUF Gaming 지포스 RTX 4070 SUPER O12G OC D6X 12GB 인텍앤컴퍼니,,1038970,87몰,
32846333,ASUS DUAL 지포스 RTX 4070 SUPER O12G OC D6X 12GB White 인텍앤컴퍼니,,963760,55몰,
32846336,ASUS DUAL 지포스 RTX 4070 SUPER O12G OC D6X 12GB 인텍앤컴퍼니,,949990,83몰,
32846339,ASUS DUAL 지포스 RTX 4070 SUPER D6X 12GB 인텍앤컴퍼니,,989000,17몰,
32861312,MSI 지포스 RTX 4070 SUPER 게이밍 X 슬림 D6X 12GB 트라이프로져3,,1018990,69몰,
32861438,MSI 지포스 RTX 4070 SUPER 벤투스 2X OC D6X 12GB,,937250,114몰,
32861966,PNY 지포스 RTX 4070 SUPER VERTO OC D6X 12GB DF 마이크로닉스,,899000,3몰,
32862050,PNY XLR8 지포스 RTX 4070 SUPER VERTO OC EPIC-X RGB D6X 12GB TF 마이크로닉스,,947140,87몰,
32863928,PNY XLR8 지포스 RTX 4070 SUPER VERTO OC EPIC-X RGB D6X 12GB TF 제이씨현,,948000,5몰,
32865347,이엠텍 지포스 RTX 4070 Ti SUPER BLACK STORM OC D6X 16GB,,1269620,124몰,
33363428,이엠텍 지포스 RTX 4070 Ti SUPER GAMINGPRO D6X 16GB,,1368640,38몰,
33363431,이엠텍 지포스 RTX 4070 Ti SUPER GAMINGPRO OC D6X 16GB,,1268840,73몰,
33363707,PNY 지포스 RTX 4070 Ti SUPER VERTO OC D6X 16GB TF 제이씨현,,1201990,21몰,
33363845,PNY XLR8 지포스 RTX 4070 Ti SUPER VERTO EPIC-X RGB OC D6X 16GB TF 제이씨현,,1317040,1몰,
33366437,액슬 지포스 RTX 3070 D6 8GB White 에즈윈,,585080,133몰,
33367520,ZOTAC GAMING 지포스 RTX 4070 Ti SUPER Trinity D6X 16GB Black,,1279990,58몰,
33368978,GIGABYTE AORUS 지포스 RTX 4070 Ti SUPER MASTER D6X 16GB 피씨디렉트,,1898200,2몰,
33369470,GIGABYTE 지포스 RTX 4070 Ti SUPER GAMING OC D6X 16GB 피씨디렉트,,1261600,144몰,
33369485,GIGABYTE 지포스 RTX 4070 Ti SUPER EAGLE OC D6X 16GB 피씨디렉트,,1277990,12몰,
33369500,GIGABYTE 지포스 RTX 4070 Ti SUPER WINDFORCE OC D6X 16GB 피씨디렉트,,1267010,34몰,
33369542,ZOTAC GAMING 지포스 RTX 4070 Ti SUPER AMP Holo D6X 16GB,,1293000,113몰,
33369644,ZOTAC GAMING 지포스 RTX 4070 Ti SUPER Trinity OC D6X 16GB White,,1273480,134몰,
33384806,갤럭시 GALAX 지포스 RTX 4060 2X OC V2 D6 8GB,,473860,125몰,
33384821,갤럭시 BOY 지포스 RTX 4060 2X OC V2 D6 8GB,,472690,80몰,
33384896,STCOM 지포스 RTX 4070 Ti SUPER D6X 16GB,,1285000,2몰,
33385124,XFX 라데온 RX 7600 XT SWFT 210 CORE D6 16GB,,484700,105몰,
33385286,XFX 라데온 RX 7600 XT QICK 309 BLACK D6 16GB,,509690,108몰,
33385466,GIGABYTE AORUS 지포스 RTX 4070 Ti SUPER MASTER D6X 16GB 제이씨현,,1428990,12몰,
33385616,GIGABYTE 지포스 RTX 4070 Ti SUPER AERO OC D6X 16GB 제이씨현,,1610250,1몰,
33385667,GIGABYTE 지포스 RTX 4070 Ti SUPER GAMING OC D6X 16GB 제이씨현,,1299030,166몰,
33385706,GIGABYTE 지포스 RTX 4070 Ti SUPER EAGLE OC D6X 16GB 제이씨현,,1270000,21몰,
33385751,GIGABYTE 지포스 RTX 4070 Ti SUPER WINDFORCE OC D6X 16GB 제이씨현,,1267050,43몰,
33386378,ASUS ProArt 지포스 RTX 4070 Ti SUPER O16G OC D6X 16GB 인텍앤컴퍼니,,1337780,105몰,
33386423,ASUS ROG STRIX 지포스 RTX 4070 Ti SUPER GAMING D6X 16GB 인텍앤컴퍼니,,1517990,94몰,
33386474,ASUS ROG STRIX 지포스 RTX 4070 Ti SUPER O16G GAMING OC D6X 16GB 인텍앤컴퍼니,,1537890,38몰,
33386534,ASUS TUF Gaming 지포스 RTX 4070 Ti SUPER D6X 16GB 인텍앤컴퍼니,,1309980,79몰,
33386603,ASUS TUF Gaming 지포스 RTX 4070 Ti SUPER O16G OC D6X 16GB 인텍앤컴퍼니,,1349990,17몰,
33386630,ASUS TUF Gaming 지포스 RTX 4070 Ti SUPER O16G OC D6X 16GB White 인텍앤컴퍼니,,1356980,21몰,
33386744,INNO3D 지포스 RTX 4070 Ti SUPER OC D6X 16GB TWIN X2 WHITE,,1881000,2몰,
33386750,INNO3D 지포스 RTX 4070 Ti SUPER OC D6X 16GB X3,,1529000,4몰,
33410363,GAINWARD 지포스 RTX 4070 Ti SUPER 피닉스 D6X 16GB,,1337080,3몰,
33410414,GAINWARD 지포스 RTX 4070 Ti SUPER 팬서 OC D6X 16GB,,1221950,5몰,
33413171,갤럭시 GALAX 지포스 RTX 4070 Ti SUPER EX GAMER BLACK OC D6X 16GB,,1301840,18몰,
33413207,갤럭시 BOY 지포스 RTX 4070 Ti SUPER EX GAMER BLACK OC D6X 16GB,,1485800,4몰,
33413231,갤럭시 BOY 지포스 RTX 4070 Ti SUPER EX GAMER WHITE OC D6X 16GB,,2315090,1몰,
33421631,MSI 지포스 RTX 4070 Ti SUPER 게이밍 X 슬림 D6X 16GB 트라이프로져3,,1353710,41몰,
33421673,MSI 지포스 RTX 4070 Ti SUPER 게이밍 X 슬림 화이트 D6X 16GB 트라이프로져3,,2119800,1몰,
33421820,MSI 지포스 RTX 4070 Ti SUPER 벤투스 3X OC D6X 16GB,,1415120,6몰,
33484226,MSI 지포스 RTX 4060 에어로 ITX OC D6 8GB,,436700,61몰,
33989591,이엠텍 지포스 RTX 4080 SUPER GAMING PRO D6X 16GB,,1693000,25몰,
33989624,이엠텍 지포스 RTX 4080 SUPER GAMING PRO OC D6X 16GB,,1719140,17몰,
33989666,이엠텍 지포스 RTX 4080 SUPER BLACK STORM OC D6X 16GB,,1772450,34몰,
33991523,ASUS ROG STRIX 지포스 RTX 4080 SUPER GAMING D6X 16GB 인텍앤컴퍼니,,2098550,2몰,
33991703,ASUS TUF Gaming 지포스 RTX 4080 SUPER D6X 16GB 인텍앤컴퍼니,,1726190,26몰,
33991724,ASUS TUF Gaming 지포스 RTX 4080 SUPER O16G OC D6X 16GB 인텍앤컴퍼니,,2138900,4몰,
33991742,ASUS ProArt 지포스 RTX 4080 SUPER O16G OC D6X 16GB 인텍앤컴퍼니,,1758420,6몰,
33992774,ZOTAC GAMING 지포스 RTX 4080 SUPER Trinity D6X 16GB Black,,1689990,145몰,
33992912,ZOTAC GAMING 지포스 RTX 4080 SUPER Trinity OC D6X 16GB White,,1645500,144몰,
33993689,GIGABYTE AORUS 지포스 RTX 4080 SUPER MASTER D6X 16GB 피씨디렉트,,1965550,4몰,
33993695,GIGABYTE 지포스 RTX 4080 SUPER AERO OC D6X 16GB 피씨디렉트,,1851550,2몰,
33993701,GIGABYTE 지포스 RTX 4080 SUPER GAMING OC D6X 16GB 피씨디렉트,,1711960,26몰,
33994208,STCOM 지포스 RTX 4080 SUPER D6X 16GB,,1899000,1몰,
33994490,ASUS DUAL 라데온 RX 7600 XT O16G OC D6 16GB,,573720,4몰,
33997700,ASUS TUF Gaming 라데온 RX 7600 XT O16G OC D6 16GB,,569900,8몰,
33997988,GIGABYTE AORUS 지포스 RTX 4080 SUPER MASTER D6X 16GB 제이씨현,,1965550,1몰,
33998042,GIGABYTE 지포스 RTX 4080 SUPER AERO OC D6X 16GB 제이씨현,,1929000,7몰,
33998114,GIGABYTE 지포스 RTX 4080 SUPER GAMING OC D6X 16GB 제이씨현,,1719940,29몰,
33998195,GIGABYTE 지포스 RTX 4080 SUPER WINDFORCE V2 D6X 16GB 제이씨현,,1609990,14몰,
34000391,MANLI 지포스 RTX 4080 SUPER Gallardo D6X 16GB,,1698600,1몰,
34050752,PNY 지포스 RTX 4080 SUPER VERTO OC D6X 16GB TF 마이크로닉스,,2151850,1몰,
34061864,PNY XLR8 지포스 RTX 4080 SUPER VERTO EPIC-X RGB OC D6X 16GB TF 마이크로닉스,,1804050,4몰,
34084724,INNO3D 지포스 RTX 4080 SUPER D6X 16GB X3,,1736840,1몰,
34335599,갤럭시 BOY 지포스 RTX 4080 SUPER ST D6X 16GB,,1667180,94몰,
34335647,갤럭시 GALAX 지포스 RTX 4080 SUPER ST D6X 16GB,,1728960,112몰,
34335782,갤럭시 GALAX 지포스 RTX 4080 SUPER SG OC D6X 16GB,,1795990,20몰,
34337219,이엠텍 지포스 RTX 4070 SUPER MIRACLE WHITE D6X 12GB,,1139490,3몰,
34370429,MSI 지포스 RTX 4080 SUPER 게이밍 X 슬림 D6X 16GB 트라이프로져3,,1899990,8몰,
34370480,MSI 지포스 RTX 4080 SUPER 벤투스 3X OC D6X 16GB,,1716500,6몰,
34370675,PNY 지포스 RTX 4080 SUPER VERTO OC D6X 16GB TF 제이씨현,,1785050,1몰,
34371569,GIGABYTE 지포스 RTX 4080 SUPER WINDFORCE V2 D6X 16GB 피씨디렉트,,1785990,10몰,
34373414,COLORFUL 지포스 RTX 3050 토마호크 DUO D6 6GB,,260840,40몰,
34373465,GIGABYTE 지포스 RTX 4070 SUPER EAGLE OC ICE D6X 12GB 피씨디렉트,,1120000,4몰,
34393715,GIGABYTE 지포스 RTX 3050 UD2 OC D6 6GB Nano LP 피씨디렉트,,280990,101몰,
34738886,COLORFUL 지포스 RTX 4070 SUPER 토마호크 EX D6X 12GB,,961460,11몰,
34739027,COLORFUL iGame 지포스 RTX 4070 SUPER ULTRA OC D6X 12GB White,,1018990,19몰,
34739495,COLORFUL 지포스 RTX 4070 Ti SUPER 토마호크 EX D6X 16GB,,1278990,10몰,
34739711,COLORFUL iGame 지포스 RTX 4070 Ti SUPER ULTRA OC D6X 16GB White,,1449990,2몰,
34739882,COLORFUL iGame 지포스 RTX 4070 Ti SUPER Vulcan OC D6X 16GB White,,1437100,28몰,
34741748,COLORFUL iGame 지포스 RTX 4070 SUPER Advanced OC D6X 12GB,,1038990,5몰,
34810802,GIGABYTE 지포스 RTX 4070 Ti SUPER EAGLE OC ICE D6X 16GB 피씨디렉트,,1303200,112몰,
34816172,NVIDIA RTX 5000 Ada Generation D6 32GB,,6480000,91몰,
34816340,MSI 지포스 RTX 3050 벤투스 2X OC D6 6GB,,273900,44몰,
34816895,COLORFUL 지포스 RTX 4060 Mini D6 8GB,,409000,48몰,
34817240,MAXSUN 라데온 RX 580 2048SP 빅맥 화이트 D5 8GB,,129500,80몰,
34848809,NVIDIA RTX 5000 Ada Generation D6 32GB (병행수입),,6080000,80몰,
35225633,GIGABYTE 라데온 RX 7600 XT GAMING OC D6 16GB 제이씨현,,578550,1몰,
35231255,PowerColor 라데온 RX 6600 Fighter D6 8GB 대원씨티에스,,434200,2몰,
35231279,PowerColor 라데온 RX 6750 XT Fighter D6 12GB 대원씨티에스,,539700,1몰,
35231306,PowerColor 라데온 RX 7600 Fighter D6 8GB 대원씨티에스,,379490,83몰,
35231354,PowerColor 라데온 RX 7800 XT Hellhound Spectral White D6 16GB 대원씨티에스,,941450,1몰,
35231429,PowerColor 라데온 RX 7900 XTX Hellhound D6 24GB 대원씨티에스,,1347000,10몰,
35231552,PowerColor 라데온 RX 7800 XT Hellhound D6 16GB 대원씨티에스,,887990,2몰,
35393816,GIGABYTE 지포스 RTX 3050 EAGLE OC D6 6GB 제이씨현,,329000,2몰,
35651639,COLORFUL iGame 지포스 RTX 4080 SUPER ULTRA OC D6X 16GB White,,1649990,13몰,
35666186,COLORFUL iGame 지포스 RTX 4080 SUPER Vulcan OC D6X 16GB White,,2013050,1몰,
35770202,PowerColor 라데온 RX 7800 XT Red Devil D6 16GB 대원씨티에스,,740080,83몰,
35813972,ASUS DUAL 지포스 RTX 3050 O6G OC D6 6GB 인텍앤컴퍼니,,283000,55몰,
35814959,ASUS DUAL 라데온 RX 7600 O8G V2 OC D6 8GB,,341650,108몰,
36157487,갤럭시 GALAX 지포스 RTX 3050 WHITE D6 6GB LP,,283980,141몰,
36157499,갤럭시 BOY 지포스 RTX 3050 WHITE D6 6GB LP,,289990,88몰,
36157526,ASRock 라데온 RX 7600 XT 스틸레전드 OC D6 16GB 에즈윈,,636000,2몰,
36157535,이엠텍 지포스 RTX 4080 SUPER MIRACLE WHITE D6X 16GB,,1680000,128몰,
36157538,이엠텍 지포스 RTX 4070 Ti SUPER MIRACLE WHITE D6X 16GB,,1272740,142몰,
36708794,ASUS TUF Gaming 지포스 RTX 4070 SUPER D6X 12GB 인텍앤컴퍼니,,1017310,11몰,
36791630,GIGABYTE 지포스 RTX 3050 UD2 OC D6 6GB Nano LP 제이씨현,,291000,4몰,
36791720,GIGABYTE 지포스 RTX 4070 Ti SUPER EAGLE OC ICE D6X 16GB 제이씨현,,1308970,126몰,
36794303,ZOTAC GAMING 지포스 RTX 3050 D6 6GB LP,,267830,120몰,
36794753,GIGABYTE 지포스 RTX 4060 EAGLE OC ICE D6 8GB 피씨디렉트,,468990,6몰,
36958100,ASRock 라데온 RX 7800 XT 스틸레전드 OC D6 16GB 대원씨티에스,,744200,18몰,
36965636,ASRock 라데온 RX 7600 XT 스틸레전드 OC D6 16GB 대원씨티에스,,626250,1몰,
36983321,ASRock 라데온 RX 7600 XT CHALLENGER OC D6 16GB 대원씨티에스,,508270,11몰,
37287323,이엠텍 지포스 RTX 3050 MIRACLE WHITE D6 6GB,,272660,138몰,
37289972,갤럭시 BOY 지포스 RTX 4070 SUPER EX GAMER BLACK OC D6X 12GB,,1031100,95몰,
37290026,갤럭시 BOY 지포스 RTX 4070 SUPER EX GAMER WHITE OC D6X 12GB,,1032990,102몰,
37290866,갤럭시 GALAX 지포스 RTX 4070 SUPER EX GAMER BLACK OC D6X 12GB,,1033870,141몰,
37351802,GIGABYTE 지포스 RTX 4060 EAGLE OC ICE D6 8GB 제이씨현,,543000,3몰,
37826558,ASL 지포스 RTX 3050 RAGE-X WHITE D6 6GB Dual,,250760,66몰,
37929452,ASUS ProArt 지포스 RTX 4070 SUPER O12G OC D6X 12GB 인텍앤컴퍼니,,1038950,84몰,
37932260,액슬 지포스 RTX 3060 Ti D6 8GB White 에즈윈,,481380,133몰,
38344715,ASUS DUAL 지포스 RTX 4070 SUPER O12G EVO OC D6X 12GB 인텍앤컴퍼니,,939930,48몰,
39037607,TAGER 지포스 RTX 3050 D6 6GB ONE COOL,,272000,6몰,
39076685,갤럭시 GALAX 지포스 RTX 4070 Ti SUPER EX GAMER WHITE OC D6X 16GB,,1395000,12몰,
39099923,SPARKLE Arc A580 ORC OC D6 8GB,,481600,2몰,
39249827,INNO3D 지포스 RTX 4070 SUPER OC D6X 12GB X3,,931200,66몰,
39340793,ASUS DUAL 지포스 RTX 4060 O8G EVO OC D6 8GB 인텍앤컴퍼니,,475650,5몰,
39340826,ASUS DUAL 지포스 RTX 4060 Ti O8G EVO OC D6 8GB 인텍앤컴퍼니,,585330,1몰,
39912908,MANLI 지포스 RTX 4070 Ti SUPER Gallardo D6X 16GB,,1244000,1몰,
39918350,MANLI 지포스 RTX 3050 RUSH D6 6GB,,253390,69몰,
39918569,SAPPHIRE 라데온 RX 7900 GRE NITRO+ D6 16GB,,1214110,2몰,
40240928,STCOM 지포스 RTX 4060 DUAL D6 8GB,,438770,16몰,
40580366,GIGABYTE 지포스 RTX 4060 Ti EAGLE OC ICE D6 8GB 제이씨현,,661610,3몰,
40580420,이엠텍 지포스 RTX 4070 SUPER MIRACLE X3 WHITE D6X 12GB,,992970,45몰,
40580855,ONE-NETBOOK ONE X GPU RX 7600M XT (해외구매),,773570,37몰,
40713920,COLORFUL 지포스 RTX 4060 토마호크 DUO V2 D6 8GB,,419000,61몰,
40722776,NVIDIA A100 HBM2 40GB PCIe (해외구매),,14020000,2몰,
41420264,갤럭시 GALAX 지포스 RTX 3050 EX BLACK D6 6GB,,288990,10몰,
41499710,갤럭시 GALAX 지포스 RTX 4070 SUPER EX GAMER WHITE OC D6X 12GB,,1048960,125몰,
42678695,갤럭시 BOY 지포스 RTX 4080 SUPER 3X D6X 16GB,,1979000,1몰,
42940640,MANLI 지포스 RTX 4060 Rush D6 8GB 대원씨티에스,,428990,28몰,
42940724,MANLI 지포스 RTX 4060 Ti Rush D6 8GB 대원씨티에스,,610400,3몰,
42940835,MANLI 지포스 RTX 4070 Rush D6X 12GB 대원씨티에스,,1219800,1몰,
42941045,MANLI 지포스 RTX 4070 Rush D6X 12GB White 대원씨티에스,,907100,2몰,
42941372,MANLI 지포스 RTX 4070 SUPER Rush D6X 12GB 대원씨티에스,,900260,75몰,
42941555,MANLI 지포스 RTX 4070 Ti SUPER Gallardo D6X 16GB 대원씨티에스,,1198760,16몰,
42941912,MANLI 지포스 RTX 4080 SUPER Gallardo D6X 16GB 대원씨티에스,,1581500,2몰,
42941987,MANLI 지포스 RTX 4080 SUPER Rush D6X 16GB 대원씨티에스,,1647030,8몰,
42946280,GAINWARD 지포스 RTX 4060 파이썬 II D6 8GB,,443660,108몰,
43476950,ASRock 라데온 RX 7900 GRE 스틸레전드 OC D6 16GB 대원씨티에스,,881700,7몰,
43532546,갤럭시 BOY 지포스 RTX 4080 SUPER SG OC D6X 16GB,,1796000,3몰,
43557467,갤럭시 GALAX 지포스 RTX 4080 SUPER SG WHITE OC D6X 16GB,,1847980,158몰,
44217686,GAINWARD 지포스 RTX 3050 페가수스 D6 6GB,,266930,91몰,
45317210,이도디스플레이 지포스 RTX 2060 SUPER RAGE-X D6 8GB TWIN,,314860,85몰,
45319919,NVIDIA T400 D6 2GB (무상보증표기),,218000,1몰,
45546908,NVIDIA RTX A2000 D6 6GB (병행수입),,671330,3몰,
46003205,이엠텍 지포스 RTX 3050 STORM X NANO D6 6GB,,265660,114몰,
46003325,GIGABYTE 지포스 RTX 3050 WINDFORCE OC D6 6GB 피씨디렉트,,272990,20몰,
46103174,이엠텍 지포스 RTX 3050 KalmX D6 6GB,,264980,140몰,
46740002,BIOSTAR ARC A750 OC D6 8GB,,262480,76몰,
46744637,MANLI 지포스 RTX 4070 Ti SUPER Polar Fox D6X 16GB White,,1265990,13몰,
46744751,MANLI 지포스 RTX 4070 SUPER Polar Fox D6X 12GB White,,922340,51몰,
46745792,MANLI 지포스 RTX 4080 SUPER Polar Fox D6X 16GB White,,1650000,3몰,
47324783,INNO3D 지포스 RTX 3050 D6 6GB TWIN X2,,256000,110몰,
47488322,GIGABYTE 지포스 RTX 4060 Ti EAGLE OC ICE D6 8GB 피씨디렉트,,709000,8몰,
47488838,MAXSUN 라데온 RX 550 트랜스포머 D5 4GB,,84800,72몰,
47806457,액슬 지포스 RTX 3050 D6 6GB 에즈윈,,257990,36몰,
47841200,PowerColor 라데온 RX 7800 XT Hellhound Sakura Limited Edition D6 16GB 대원씨티에스,,771690,3몰,
48395846,NVIDIA RTX 4500 Ada Generation D6 24GB,,3742200,74몰,
48477362,MANLI 지포스 RTX 4070 Ti SUPER Polar Fox D6X 16GB White 대원씨티에스,,1265740,81몰,
48479345,ASUS DUAL 라데온 RX 7900 GRE O16G OC D6 16GB,,1000000,1몰,
48479429,AFOX 지포스 RTX 2060 SUPER H4 D6 8GB DUAL 디앤디컴,,318650,92몰,
48480377,ASUS TUF Gaming 지포스 RTX 4070 Ti SUPER BTF O16G OC D6X 16GB White 인텍앤컴퍼니,,1449070,61몰,
48648005,ASRock 라데온 RX 7900 XTX Phantom Gaming OC D6 24GB 대원씨티에스,,1378820,100몰,
48648092,COLORFUL iGame 지포스 RTX 3050 Ultra DUO OC V2 D6 8GB White,,298990,42몰,
49002824,NVIDIA RTX 4000 Ada Generation D6 20GB,,2090000,79몰,
49026194,NVIDIA A40 D6 48GB,,8339800,74몰,
49055273,NVIDIA A30 HBM2 24GB (병행수입),,7390000,7몰,
49261274,NVIDIA H100 HBM2e 80GB PCIe,,38303440,101몰,
49266752,NVIDIA L40S D6 48GB,,10505000,85몰,
49288997,COLORFUL 지포스 RTX 3050 토마호크 DUO D6 6GB 피씨디렉트,,269990,16몰,
49321628,COLORFUL 지포스 RTX 4060 토마호크 DUO V2 D6 8GB 피씨디렉트,,427690,34몰,
49324496,COLORFUL 지포스 RTX 4070 Ti SUPER 토마호크 EX D6X 16GB 피씨디렉트,,1278870,99몰,
49336118,COLORFUL iGame 지포스 RTX 4070 SUPER ULTRA OC D6X 12GB White 피씨디렉트,,1015580,96몰,
49348688,COLORFUL iGame 지포스 RTX 4080 SUPER ULTRA OC D6X 16GB White 피씨디렉트,,1666680,115몰,
49361000,COLORFUL iGame 지포스 RTX 4070 Ti SUPER Loong Edition OC D6X 16GB 피씨디렉트,,1589000,9몰,
49364345,GIGABYTE 지포스 RTX 3050 WINDFORCE OC D6 6GB 제이씨현,,272990,13몰,
49368710,ASUS DUAL 지포스 RTX 4060 Ti V2 O8G OC D6 8GB (벌크) 인텍앤컴퍼니,,629000,2몰,
49374290,ASUS DUAL 지포스 RTX 4070 O12G EVO OC D6X 12GB 인텍앤컴퍼니,,976870,5몰,
49389773,ASUS 지포스 RTX 4080 SUPER O16G NOCTUA OC D6X 16GB 인텍앤컴퍼니,,2200200,2몰,
49529828,갤럭시 BOY 지포스 RTX 4080 SUPER SG WHITE OC D6X 16GB,,1805130,99몰,
49531382,갤럭시 GALAX 지포스 RTX 4080 SUPER 3X D6X 16GB,,1629000,9몰,
49741691,이엠텍 지포스 RTX 4060 MIRACLE WHITE D6 8GB LED,,437990,96몰,
49742603,SPARKLE Arc A310 ECO D6 4GB,,149130,63몰,
49828901,갤럭시 GALAX 지포스 RTX 4060 WHITE OC D6 8GB LP,,494860,131몰,
49833482,COLORFUL 지포스 RTX 4070 SUPER 토마호크 EX D6X 12GB 피씨디렉트,,968480,75몰,
50128700,ZOTAC GAMING 지포스 RTX 4070 SUPER TWIN Edge OC D6X 12GB White,,936990,37몰,
52061909,COLORFUL iGame 지포스 RTX 4070 Ultra OC D6X 12GB White,,1008000,1몰,
52157555,액슬 지포스 RTX 3060 D6 12GB 에즈윈,,393000,103몰,
52159256,FuriosaAI 퓨리오사 워보이 D4X 16GB,,3200000,2몰,
52368527,COLORFUL iGame 지포스 RTX 4070 Ti SUPER 용 Edition OC D6X 16GB 웨이코스,,1447400,29몰,
52371650,ASUS DUAL 라데온 RX 7800 XT O16G OC D6 16GB,,682900,64몰,
53521502,PNY 지포스 RTX 3050 VERTO D6 6GB Dual 제이씨현,,268990,18몰,
53782031,ASUS DUAL 지포스 RTX 4060 V2 O8G OC D6 8GB 인텍앤컴퍼니,,448990,36몰,
53783282,NVIDIA H100 HBM3 94GB NVL,,40577990,69몰,
54101633,ADT Link UT3G (해외구매),,89700,38몰,
54101783,EXP GDC TH3P4G3 SFX (해외구매),,48470,6몰,
54103622,AKiTiO 노드 타이탄 eGPU BOX (해외구매),,471000,19몰,
54315725,MSI 지포스 RTX 4060 Ti 벤투스 2X 블랙 E1 OC D6 8GB,,674500,5몰,
54481091,액슬 지포스 G210 D3 512MB 에즈윈,,21240,106몰,
54481106,액슬 지포스 GT730 클래식 D3 1GB 에즈윈,,47600,92몰,
54481160,액슬 라데온 RX 550 D5 4GB 에즈윈,,81990,107몰,
54963689,매트록스 LUMA A310F Pro D6 4GB,,2269550,2몰,
54963752,매트록스 LUMA A310F D6 4GB,,1101050,2몰,
54963785,매트록스 LUMA A310 D6 4GB,,1253050,2몰,
55039700,NVIDIA RTX 6000 Ada Generation D6 48GB (병행수입),,11180000,13몰,
55045148,NVIDIA L4 D6 24GB,,3599000,7몰,
55045322,NVIDIA A10 D6 24GB,,5180000,1몰,
55045331,NVIDIA A100 HBM2 40GB PCIe,,15100000,1몰,
55045334,NVIDIA A2 D6 16GB,,1530000,1몰,
56155370,MANLI 지포스 RTX 3050 D6 6GB DUAL FAN 대원씨티에스,,266640,87몰,
56156006,MANLI 지포스 RTX 4080 SUPER Polar Fox D6X 16GB White 대원씨티에스,,1599980,63몰,
56156087,MANLI 지포스 RTX 4070 SUPER Polar Fox D6X 12GB TRIPLE FAN White 대원씨티에스,,890990,59몰,
56343746,지포스 RTX 3060 D6 8GB (중고),,365960,8몰,
57293591,NVIDIA RTX 4000 Ada Generation D6 20GB (병행수입),,2100000,6몰,
57443834,SPARKLE Arc A770 ROC LUNA OC D6 16GB,,412490,62몰,
57449264,갤럭시 GALAX 지포스 RTX 4060 WHITE OC D6 8GB,,482960,142몰,
57482798,COLORFUL iGame 지포스 RTX 4070 Ultra OC D6X 12GB White 피씨디렉트,,911050,2몰,
57483869,COLORFUL 지포스 RTX 4070 토마호크 EX D6X 12GB 피씨디렉트,,824240,57몰,
57499220,AMD 라데온 PRO W7900 Dual Slot D6 48GB,,5870000,37몰,
57499502,갤럭시 BOY 지포스 RTX 4060 WHITE OC D6 8GB,,485990,84몰,
57505097,갤럭시 BOY 지포스 RTX 4060 EX WHITE OC D6 8GB,,533990,91몰,
57508178,NVIDIA RTX 2000 Ada Generation D6 16GB,,1048000,83몰,
57508691,AFOX 지포스 GT730 D3 2GB LP 무소음 대원씨티에스,,65000,1몰,
58106024,갤럭시 GALAX 지포스 RTX 4060 Ti DUAL OC D6 8GB,,631610,5몰,
58107185,XFX 라데온 RX 7900 GRE Magnetic Air WHITE D6 16GB,,874910,88몰,
58115861,COLORFUL COLORFIRE 지포스 RTX 4060 Ti MEOW D6 8GB V ORANGE STCOM,,731000,1몰,
58115984,COLORFUL COLORFIRE 지포스 RTX 4060 MEOW D6 8GB V ORANGE STCOM,,482770,57몰,
58118093,이엠텍 지포스 RTX 4080 SUPER MIRACLE 디아블로4 D6X 16GB,,1704440,1몰,
58849874,갤럭시 GALAX 지포스 RTX 4060 Ti WHITE OC D6 8GB,,629000,5몰,
58917296,갤럭시 BOY 지포스 RTX 4060 Ti WHITE OC D6 8GB,,640000,2몰,
59085581,액슬 지포스 RTX 2060 SUPER D6 8GB 에즈윈,,319980,129몰,
59085704,액슬 지포스 RTX 3050 D6 6GB LP 에즈윈,,274590,120몰,
59089334,ASUS 지포스 GT710 SL EVO D5 2GB,,49380,62몰,
60226334,COLORFUL 지포스 RTX 4060 토마호크 DUO D6 8GB 피씨디렉트,,439990,19몰,
60226391,COLORFUL 지포스 RTX 4060 Ti 토마호크 DUO D6 8GB 피씨디렉트,,599000,4몰,
61418315,PowerColor 라데온 RX 7900 GRE D6 16GB 대원씨티에스,,859000,6몰,
61440464,GPD G1 라데온 RX 7600M XT D6 8GB (해외구매),,1056890,25몰,
61540097,MANLI 지포스 RTX 3050 RUSH D6 6GB 대원씨티에스,,262460,66몰,
61817939,ASUS PRIME 지포스 RTX 4070 SUPER O12G OC D6X 12GB 인텍앤컴퍼니,,1019860,85몰,
61844678,갤럭시 BOY 지포스 RTX 3050 EX BLACK D6 6GB DVI,,277990,78몰,
61844831,ZOTAC GAMING 지포스 RTX 4070 Ti SUPER SOLID OC D6X 16GB,,1258720,111몰,
62160119,AFOX 지포스 GTX1050 Ti H7 D5 4GB 디앤디컴,,168650,77몰,
62160371,AFOX 지포스 GTX 1660 SUPER H7 D6 6GB DUAL 백플레이트 디앤디컴,,254990,91몰,
62163968,NVIDIA RTX 4000 SFF Ada Generation D6 20GB (병행수입),,2076920,4몰,
62566310,GIGABYTE 지포스 RTX 4060 Ti WINDFORCE OC V2 D6 8GB 제이씨현,,693600,2몰,
62640164,XFX Magnetic Air 시리즈 커스텀 팬 블루,,39090,43몰,
62640563,XFX Magnetic Air 시리즈 커스텀 팬 그린,,39090,41몰,
62640587,XFX Magnetic Air 시리즈 커스텀 팬 오렌지,,39090,40몰,
62791121,COLORFUL iGame 지포스 RTX 4060 Ti ULTRA DUO OC D6 8GB White 피씨디렉트,,618280,38몰,
62791187,COLORFUL iGame 지포스 RTX 4060 ULTRA DUO OC D6 8GB White 피씨디렉트,,442680,131몰,
62791805,이도디스플레이 지포스 RTX 3050 RAGE-X D6 6GB,,258490,74몰,
63082298,ASUS TUF Gaming 지포스 RTX 4090 O24G OC D6X 24GB 대원씨티에스,,6270000,2몰,
63085550,ASUS TUF Gaming 지포스 RTX 4080 SUPER O16G OC D6X 16GB 대원씨티에스,,1820000,5몰,
63085634,ASUS ProArt 지포스 RTX 4080 SUPER O16G OC D6X 16GB 대원씨티에스,,1749140,56몰,
63085766,ASUS ROG STRIX 지포스 RTX 4070 Ti SUPER O16G GAMING OC D6X 16GB 대원씨티에스,,1629000,8몰,
63085922,ASUS TUF Gaming 지포스 RTX 4070 Ti SUPER O16G OC D6X 16GB White 대원씨티에스,,1345860,96몰,
63085973,ASUS TUF Gaming 지포스 RTX 4070 Ti SUPER O16G OC D6X 16GB 대원씨티에스,,1382310,87몰,
63086033,ASUS ProArt 지포스 RTX 4070 Ti SUPER O16G OC D6X 16GB 대원씨티에스,,1288880,82몰,
63086153,ASUS TUF Gaming 지포스 RTX 4070 SUPER O12G OC D6X 12GB 대원씨티에스,,1073270,10몰,
63086231,ASUS ProArt 지포스 RTX 4070 SUPER O12G OC D6X 12GB 대원씨티에스,,1037150,63몰,
63086267,ASUS DUAL 지포스 RTX 4070 SUPER O12G EVO OC D6X 12GB 대원씨티에스,,930000,74몰,
63086291,ASUS DUAL 지포스 RTX 4070 O12G EVO OC D6X 12GB 대원씨티에스,,869990,57몰,
63086363,ASUS DUAL 지포스 RTX 4060 Ti O8G OC D6 8GB White 대원씨티에스,,653000,3몰,
63086435,ASUS DUAL 지포스 RTX 4060 Ti O8G EVO OC D6 8GB 대원씨티에스,,807500,2몰,
63086468,ASUS DUAL 지포스 RTX 4060 O8G OC D6 8GB White 대원씨티에스,,467000,10몰,
63086528,ASUS DUAL 지포스 RTX 4060 V2 O8G OC D6 8GB 대원씨티에스,,431740,129몰,
63086567,ASUS DUAL 지포스 RTX 4060 Ti V2 O8G OC D6 8GB 대원씨티에스 (벌크),,712500,2몰,
63086675,ASUS DUAL 지포스 RTX 3050 O6G OC D6 6GB 대원씨티에스,,278990,86몰,
63086747,ASUS PH 지포스 GT1030 O2G D5 2GB 대원씨티에스,,111090,70몰,
63087872,갤럭시 BOY 지포스 GT710 D3 2GB LP 무소음,,52990,65몰,
63419924,갤럭시 GALAX 지포스 RTX 3050 EX BLACK D6 6GB DVI,,283860,119몰,
63422684,갤럭시 GALAX 지포스 RTX 4070 Ti SUPER EX GAMER BLACK OC V2 D6X 16GB,,1332960,107몰,
63422711,갤럭시 BOY 지포스 RTX 4070 Ti SUPER EX GAMER BLACK OC V2 D6X 16GB,,1333980,63몰,
63468029,갤럭시 GALAX 지포스 RTX 4060 Ti 3X OC D6 8GB,,628990,5몰,
63469529,갤럭시 BOY 지포스 RTX 4060 Ti 3X OC D6 8GB,,678000,1몰,
63470546,ASUS DUAL 지포스 RTX 4060 Ti O16G EVO OC D6 16GB 대원씨티에스,,779000,1몰,
63480785,PowerColor 라데온 RX 7700 XT D6 12GB White 대원씨티에스,,608180,9몰,
64297904,PowerColor 라데온 RX 7700 XT D6 12GB 대원씨티에스,,549370,79몰,
65364764,GIGABYTE 지포스 RTX 4070 WINDFORCE OC V2 D6 12GB 제이씨현,,816930,129몰,
65367662,갤럭시 BOY 지포스 RTX 4070 Ti SUPER EX GAMER WHITE OC V2 D6X 16GB,,1287000,1몰,
65367680,갤럭시 GALAX 지포스 RTX 4070 Ti SUPER EX GAMER WHITE OC V2 D6X 16GB,,1344990,7몰,
65426753,NVIDIA RTX A1000 D6 8GB (병행수입),,665500,1몰,
65426912,NVIDIA RTX A400 D6 4GB (병행수입),,266990,10몰,
65925182,ASUS DUAL 지포스 RTX 4060 O8G EVO OC D6 8GB White 인텍앤컴퍼니,,453820,43몰,
66063398,XFX 라데온 RX 7800 XT Magnetic Air BLACK D6 16GB,,737420,13몰,
66137228,COLORFUL iGame 지포스 RTX 4070 Ti SUPER ULTRA OC D6X 16GB White 피씨디렉트,,1307600,80몰,
66506735,FORSA 라데온 RX 580 2048SP D5 8GB (벌크),,124850,52몰,
67509680,PNY 지포스 RTX 4060 VERTO D6 8GB Dual 한성컴퓨터,,440000,2몰,
67509938,PNY 지포스 RTX 4070 Ti SUPER VERTO OC D6X 16GB TF 한성컴퓨터,,1355010,6몰,
67622147,갤럭시 GALAX 지포스 RTX 4070 2X D6 12GB,,828950,81몰,
67622246,갤럭시 BOY 지포스 RTX 4070 2X D6 12GB,,829000,7몰,
67693544,MSI 지포스 RTX 4070 벤투스 2X E1 OC D6 12GB,,838310,76몰,
68241932,AFOX 지포스 GTX 1660 SUPER H7 D6 6GB DUAL 백플레이트 대원씨티에스,,252410,68몰,
68297312,PNY 지포스 RTX 4090 VERTO D6X 24GB Triple 한성컴퓨터,,3752490,3몰,
68363192,액슬 지포스 GTX 1660 SUPER 38mm D6 6GB 에즈윈,,248650,108몰,
68438642,ZOTAC GAMING 지포스 RTX 4070 TWIN Edge OC D6 12GB,,828270,76몰,
68776031,MANLI 지포스 RTX 4060 Polar Fox D6 8GB TWIN FAN White 대원씨티에스,,432950,73몰,
68788991,ASUS PRIME 지포스 RTX 4070 SUPER O12G OC D6X 12GB 대원씨티에스,,1183690,2몰,
68918675,ASUS DUAL 지포스 RTX 3050 D6 6GB 인텍앤컴퍼니,,271990,64몰,
69563021,MANLI 지포스 RTX 4060 Polar Fox D6 8GB TWIN FAN White 인텍앤컴퍼니,,432360,63몰,
69563336,MANLI 지포스 RTX 4060 Ti Polar Fox D6 8GB TWIN FAN White 인텍앤컴퍼니,,593990,4몰,
69563642,MANLI 지포스 RTX 4070 SUPER Gallardo D6X 12GB 인텍앤컴퍼니,,897990,91몰,
69563873,MANLI 지포스 RTX 4070 Ti SUPER Polar Fox D6X 16GB White 인텍앤컴퍼니,,1265990,37몰,
69565046,MANLI 지포스 RTX 4070 Ti SUPER Gallardo D6X 16GB 인텍앤컴퍼니,,1243560,35몰,
69565412,MANLI 지포스 RTX 4080 SUPER Polar Fox D6X 16GB White 인텍앤컴퍼니,,1632100,25몰,
69565559,MANLI 지포스 RTX 4080 SUPER Gallardo D6X 16GB 인텍앤컴퍼니,,1758450,1몰,
69697358,MANLI 지포스 RTX 4060 Ti Nebula D6 8GB Twin 인텍앤컴퍼니,,1851000,1몰,
69697442,MANLI 지포스 RTX 4060 Nebula D6 8GB Twin 인텍앤컴퍼니,,462000,3몰,
69868724,COLORFUL iGame 지포스 RTX 4070 SUPER Vulcan OC D6X 12GB 웨이코스,,1201790,24몰,
70007213,MANLI 지포스 RTX 4070 SUPER Polar Fox D6X 12GB TRIPLE FAN White 인텍앤컴퍼니,,929990,12몰,
70099784,GAINWARD 지포스 RTX 4070 Ti SUPER 파이썬 III OC D6X 16GB,,1295790,65몰,
70099847,GAINWARD 지포스 RTX 4080 SUPER 피닉스 D6X 16GB,,1718550,1몰,
70255205,ASUS DUAL 지포스 RTX 4060 O8G EVO OC D6 8GB White 대원씨티에스,,447440,84몰,
70616231,MSI 지포스 RTX 4070 Ti SUPER 벤투스 3X 블랙 OC D6X 16GB,,1259660,139몰,
70618187,갤럭시 GALAX 지포스 RTX 4060 Ti OC V2 D6 8GB,,620990,16몰,
70619930,갤럭시 BOY 지포스 RTX 4060 Ti OC V2 D6 8GB,,621000,37몰,
71009864,NVIDIA RTX A1000 D6 8GB,,688890,70몰,
71009948,NVIDIA RTX A400 D6 4GB,,268120,69몰,
71010053,MSI 지포스 RTX 3050 벤투스 2X E OC D6 6GB,,272080,119몰,
71010194,ASL 지포스 GTX 1660 SUPER RAGE-X D6 6GB,,239590,74몰,
71012309,PNY XLR8 지포스 RTX 4060 Gaming VERTO OC D6 8GB Dual 제이씨현,,430650,64몰,
71062040,COLORFUL 지포스 RTX 3050 토마호크 DUO V2 D6 6GB 피씨디렉트,,259640,72몰,
71062121,COLORFUL 지포스 RTX 4070 토마호크 EX D6 12GB 피씨디렉트,,814410,57몰,
71062202,COLORFUL iGame 지포스 RTX 4080 SUPER 검은 신화 오공 Edition OC D6X 16GB 피씨디렉트,,1831680,70몰,
71062913,액슬 지포스 GTX 1650 D6 4GB R2 에즈윈,,253040,8몰,
71067731,ASUS DUAL 지포스 RTX 4070 SUPER O12G OC D6X 12GB White 대원씨티에스,,1074700,5몰,
71068121,ASUS DUAL 지포스 RTX 4070 O12G EVO OC D6 12GB 대원씨티에스,,820810,58몰,
71158280,ASUS DUAL 지포스 RTX 4060 Ti V2 O8G OC D6 8GB 인텍앤컴퍼니,,636480,2몰,
71159756,갤럭시 GALAX 지포스 RTX 4070 2X V2 D6X 12GB,,888920,110몰,
71159888,갤럭시 BOY 지포스 RTX 4070 2X V2 D6X 12GB,,870980,70몰,
71425598,ASUS DUAL 지포스 RTX 4070 SUPER O12G EVO OC D6X 12GB White 인텍앤컴퍼니,,965000,20몰,
71901731,GIGABYTE 지포스 RTX 3050 WINDFORCE OC V2 D6 6GB 제이씨현,,268680,116몰,
71902295,AOOSTAR AG01 그래픽카드 eGPU DOCK (해외구매),,133870,26몰,
71973218,GIGABYTE 지포스 RTX 3050 WINDFORCE OC V2 D6 6GB 피씨디렉트,,267890,103몰,
72009266,MANLI 지포스 RTX 4060 Nebula Black D6 8GB Twin 인텍앤컴퍼니,,433650,19몰,
72110849,ASUS DUAL 지포스 RTX 4070 SUPER O12G EVO OC D6X 12GB White 대원씨티에스,,956080,58몰,
72305387,XFX 라데온 RX 7700 XT SWFT 210 CORE D6 12GB,,573520,61몰,
72421400,ASUS PRIME 지포스 RTX 4060 Ti O8G OC D6 8GB 인텍앤컴퍼니,,639000,8몰,
72676730,GIGABYTE 지포스 RTX 3060 GAMING OC V2 D6 8GB 피씨디렉트,,393740,49몰,
72676898,MANLI 지포스 RTX 4060 Nebula Black D6 8GB Twin 대원씨티에스,,가격비교예정,0몰,
72720074,GIGABYTE 지포스 RTX 4060 UD2 OC D6 8GB Nano LP 피씨디렉트,,가격비교예정,0몰,
72757601,갤럭시 BOY 지포스 RTX 4060 WHITE OC V2 D6 8GB,,484040,39몰,
72914312,FORSA 라데온 RX 6600 D6 8GB (벌크),,가격비교예정,0몰,
72915032,FORSA 지포스 RTX 3050 K D6 6GB,,가격비교예정,0몰,
72915101,TAGER 지포스 RTX 3050 K D6 6GB,,가격비교예정,0몰,
72916418,인텔 Arc B580 D6 12GB 피씨디렉트,,417990,5몰,
72916541,갤럭시 BOY 지포스 RTX 4070 EX GAMER WHITE OC D6 12GB,,896690,39몰,
72968579,XFX 라데온 RX 7800 XT Magnetic Air WHITE D6 16GB,,가격비교예정,0몰,
72975155,지포스 RTX 3080 D6X 10GB (완제품 탈거상품 중고),,645000,8몰,
